,f,Sgcc,varSgcc,Nsec,meanS,chiDelta
0,0.0,1.0,0.0,0.0,1.0,-1.0
1,0.0009765625,0.9990234375,0.0,0.0,1.0,-1.0
2,0.001953125,0.998046875,0.0,0.0,1.0,-1.0
3,0.0029296875,0.9970703125,0.0,0.0,1.0,-1.0
4,0.00390625,0.99609375,0.0,0.0,1.0,-1.0
5,0.0048828125,0.9951171875,0.0,0.0,1.0,-1.0
6,0.005859375,0.994140625,0.0,0.0,1.0,-1.0
7,0.0068359375,0.9931640625,0.0,0.0,1.0,-1.0
8,0.0078125,0.9921875,0.0,0.0,1.0,-1.0
9,0.0087890625,0.9912109375,0.0,0.0,1.0,-1.0
10,0.009765625,0.990234375,0.0,0.0,1.0,-1.0
11,0.0107421875,0.9892578125,0.0,0.0,1.0,-1.0
12,0.01171875,0.98828125,0.0,0.0,1.0,-1.0
13,0.0126953125,0.9873046875,0.0,0.0,1.0,-1.0
14,0.013671875,0.986328125,0.0,0.0,1.0,-1.0
15,0.0146484375,0.9853515625,0.0,0.0,1.0,-1.0
16,0.015625,0.984375,0.0,0.0,1.0,-1.0
17,0.0166015625,0.9833984375,0.0,0.0,1.0,-1.0
18,0.017578125,0.982421875,0.0,0.0,1.0,-1.0
19,0.0185546875,0.9814453125,0.0,0.0,1.0,-1.0
20,0.01953125,0.98046875,0.0,0.0,1.0,-1.0
21,0.0205078125,0.9794921875,0.0,0.0,1.0,-1.0
22,0.021484375,0.978515625,0.0,0.0,1.0,-1.0
23,0.0224609375,0.9775390625,0.0,0.0,1.0,-1.0
24,0.0234375,0.9765625,0.0,0.0,1.0,-1.0
25,0.0244140625,0.9755859375,0.0,0.0,1.0,-1.0
26,0.025390625,0.974609375,0.0,0.0,1.0,-1.0
27,0.0263671875,0.9736328125,0.0,0.0,1.0,-1.0
28,0.02734375,0.97265625,0.0,0.0,1.0,-1.0
29,0.0283203125,0.9716796875,0.0,0.0,1.0,-1.0
30,0.029296875,0.970703125,0.0,0.0,1.0,-1.0
31,0.0302734375,0.9697265625,0.0,0.0,1.0,-1.0
32,0.03125,0.96875,0.0,0.0,1.0,-1.0
33,0.0322265625,0.9677734375,0.0,0.0,1.0,-1.0
34,0.033203125,0.966796875,0.0,0.0,1.0,-1.0
35,0.0341796875,0.9658203125,0.0,0.0,1.0,-1.0
36,0.03515625,0.96484375,0.0,0.0,1.0,-1.0
37,0.0361328125,0.9638671875,0.0,0.0,1.0,-1.0
38,0.037109375,0.962890625,0.0,0.0,1.0,-1.0
39,0.0380859375,0.9619140625,0.0,0.0,1.0,-1.217
40,0.0390625,0.9607255859375,0.04551749121094417,0.217,1.0,-1.176
41,0.0400390625,0.9595771484375,0.07566264746094475,0.393,1.175,-1.0
42,0.041015625,0.9586005859375,0.07566264746094475,0.393,1.175,-1.261
43,0.0419921875,0.957369140625,0.14192019921881638,0.654,1.435,-1.61
44,0.04296875,0.955796875,0.3375920937500041,1.264,2.043,-2.285
45,0.0439453125,0.9535654296875,0.7873394521483306,2.549,2.416,-1.757
46,0.044921875,0.951849609375,0.9859964492188737,3.306,2.416,-1.504
47,0.0458984375,0.950380859375,1.1060741210935703,3.81,2.656,-2.295
48,0.046875,0.9481396484375,1.641031225585948,5.105,2.655,-1.24
49,0.0478515625,0.9469287109375,1.7964531005859499,5.129,2.882294,-2.147
50,0.048828125,0.94483203125,2.1584569687498742,6.276,2.881294,-2.197
51,0.0498046875,0.9426865234375,2.5543518349609258,7.473,3.7022939999999998,-4.833
52,0.05078125,0.937966796875,3.732868667968887,11.046,5.633436,-4.234
53,0.0517578125,0.93383203125,4.76764693749999,14.018,8.375957,-4.317
54,0.052734375,0.9296162109375,5.9219508505858585,17.098,9.748721999999999,-4.532
55,0.0537109375,0.9251904296875,7.068745092773497,20.267,12.29185,-3.007
56,0.0546875,0.92225390625,7.843673296874954,22.07,13.338488000000002,-3.638
57,0.0556640625,0.918701171875,8.476540527343786,24.708,14.655918999999999,-2.631
58,0.056640625,0.9161318359375,8.889004725585892,26.339,16.067919,-6.233
59,0.0576171875,0.910044921875,10.448012699218793,31.084,18.561557,-5.347
60,0.05859375,0.9048232421875,11.690785624023533,34.716,20.331324,-2.177
61,0.0595703125,0.902697265625,12.047606402343831,35.641,20.561514999999996,-4.309
62,0.060546875,0.8984892578125,13.045306827148465,38.28,22.306225999999995,-8.258
63,0.0615234375,0.8904248046875,14.955346655273502,44.809,25.433857999999997,-5.483
64,0.0625,0.8850703125,16.088565093749935,48.864,27.816477999999993,-6.819
65,0.0634765625,0.8784111328125,17.767234327148344,53.627,30.982126999999995,-7.613
66,0.064453125,0.8709765625,19.18458750000002,59.023,33.96631799999999,-6.909
67,0.0654296875,0.8642294921875,20.27654312402342,64.206,36.75903899999999,-6.327
68,0.06640625,0.85805078125,21.512280531249985,68.386,37.578349,-6.241
69,0.0673828125,0.8519560546875,22.476522061523383,72.861,40.85679500000001,-8.185
70,0.068359375,0.843962890625,24.41299460546884,77.442,42.17628599999999,-9.965
71,0.0693359375,0.8342314453125,26.002952139648414,84.575,46.38732500000001,-9.294
72,0.0703125,0.8251552734375,28.034630194335932,90.614,49.344093000000015,-10.873
73,0.0712890625,0.814537109375,29.6685630898437,97.561,53.683848999999995,-12.826
74,0.072265625,0.80201171875,32.19522109374998,104.895,60.466113999999976,-10.339
75,0.0732421875,0.7919150390625,33.925045663085825,110.94,66.68942299999998,-13.706
76,0.07421875,0.7785302734375,35.48384255371093,120.43,73.36128599999999,-12.638
77,0.0751953125,0.7661884765625,37.353884834961036,127.237,78.57947000000001,-10.209
78,0.076171875,0.75621875,39.15905329687496,131.034,81.41088200000002,-10.577
79,0.0771484375,0.7458896484375,41.09412628808593,134.901,85.72620000000005,-12.591
80,0.078125,0.73359375,42.27417187499998,141.338,90.64086299999998,-13.893
81,0.0791015625,0.7200263671875,44.194715577148486,146.913,95.09479599999996,-11.296
82,0.080078125,0.7089951171875,45.60381921777355,150.194,99.84866199999998,-13.224
83,0.0810546875,0.6960810546875,46.56122229589835,155.88,103.11034299999994,-10.852
84,0.08203125,0.6854833984375,46.96687185058602,159.957,107.68842499999992,-14.531
85,0.0830078125,0.67129296875,46.972367953125,165.459,113.82942099999994,-15.619
86,0.083984375,0.6560400390625,47.594469506835935,171.752,117.998661,-18.206
87,0.0849609375,0.6382607421875,48.360482186523484,178.642,126.65039399999999,-15.203
88,0.0859375,0.6234140625,48.15283654687505,184.663,131.07961799999993,-14.964
89,0.0869140625,0.60880078125,47.86034204687496,188.802,136.0845079999999,-14.776
90,0.087890625,0.59437109375,47.96077295312506,192.066,141.58009,-16.677
91,0.0888671875,0.5780849609375,46.76742902246099,197.829,147.2253249999998,-17.858
92,0.08984375,0.5606455078125,46.28181132714843,202.828,151.04307799999987,-13.863
93,0.0908203125,0.547107421875,45.50694273046872,204.695,154.03513810000004,-13.266
94,0.091796875,0.53415234375,45.01075704687503,206.273,156.14901209999982,-18.426
95,0.0927734375,0.516158203125,43.51691394921869,210.86,161.3752870999998,-14.854
96,0.09375,0.50165234375,42.53498939062496,212.242,163.07416909999984,-15.369
97,0.0947265625,0.4866435546875,41.395027999023455,212.965,164.22295609999995,-16.08
98,0.095703125,0.4709404296875,40.24842378027344,213.702,166.21061810000018,-12.245
99,0.0966796875,0.458982421875,38.990509761718755,211.93,164.21030209999998,-13.273
100,0.09765625,0.4460205078125,37.90627478027341,210.266,163.5787181,-14.234
101,0.0986328125,0.4321201171875,35.57040812402346,210.571,164.18968209999994,-12.209
102,0.099609375,0.420197265625,34.467682105468754,208.421,162.80557460000014,-15.275
103,0.1005859375,0.4052802734375,32.330807569335946,208.463,161.83793499999996,-13.029
104,0.1015625,0.392556640625,30.946499527343747,205.661,160.59365500000018,-13.061
105,0.1025390625,0.3798017578125,29.32292979589846,204.303,160.68296520000007,-13.569
106,0.103515625,0.36655078125,27.923827046874976,203.22,160.12053260000005,-10.709
107,0.1044921875,0.3560927734375,26.30174675683594,201.521,158.38885780000015,-14.516
108,0.10546875,0.3419169921875,24.148740108398428,199.592,157.50064200000028,-11.665
109,0.1064453125,0.330525390625,22.066060777343736,197.671,155.64993630000032,-11.309
110,0.107421875,0.3194814453125,20.518194139648443,195.478,154.33781870000004,-7.474
111,0.1083984375,0.3121826171875,19.43135095214842,191.918,151.03604489999995,-11.404
112,0.109375,0.3010458984375,17.487448788085928,189.453,149.2707988,-9.729
113,0.1103515625,0.291544921875,16.47626976171877,186.522,146.8689955999999,-9.664
114,0.111328125,0.282107421875,15.350358511718767,182.482,143.1588776000001,-8.926
115,0.1123046875,0.273390625,14.13215790625,178.761,140.88383090000008,-8.057
116,0.11328125,0.2655224609375,13.346181616210941,176.166,137.8466564999999,-8.418
117,0.1142578125,0.2573017578125,12.270921358398454,173.587,135.39008809999982,-7.133
118,0.115234375,0.2503359375,11.527532875000006,170.666,132.90013050000007,-9.256
119,0.1162109375,0.241296875,9.997312750000006,167.99,130.46279660000005,-7.535
120,0.1171875,0.2339384765625,9.280979678710935,165.339,128.09694779999987,-6.79
121,0.1181640625,0.2273076171875,8.781403155273438,162.022,124.78131579999994,-6.839
122,0.119140625,0.22062890625,7.978295140624994,159.153,122.21247870000012,-6.19
123,0.1201171875,0.214583984375,7.687919183593742,155.334,119.17318330000003,-7.39
124,0.12109375,0.2073671875,6.966954749999999,152.958,117.0828519000002,-5.634
125,0.1220703125,0.201865234375,6.510699121093751,150.249,114.8805705,-6.522
126,0.123046875,0.19549609375,6.016342437500008,147.309,112.3218632,-6.331
127,0.1240234375,0.1893134765625,5.299348194335941,145.017,110.18044200000006,-5.609
128,0.125,0.1838359375,4.903506343750003,142.118,107.6987667999998,-5.003
129,0.1259765625,0.1789501953125,4.550885717773433,139.88,105.64316679999995,-5.174
130,0.126953125,0.1738974609375,4.296527303710942,137.123,103.36871359999999,-4.772
131,0.1279296875,0.1692373046875,3.9917730458984337,134.728,101.53248939999985,-5.114
132,0.12890625,0.1642431640625,3.4276511474609386,132.611,99.78526579999989,-3.455
133,0.1298828125,0.160869140625,3.249799902343753,130.588,97.96230899999989,-3.799
134,0.130859375,0.1571591796875,3.092082264648436,127.54,95.80950860000004,-3.906
135,0.1318359375,0.1533447265625,2.836180053710933,125.136,93.97688310000011,-4.115
136,0.1328125,0.149326171875,2.58064248046875,123.412,92.37091860000007,-3.101
137,0.1337890625,0.1462978515625,2.4227544130859364,121.503,90.76628140000004,-3.763
138,0.134765625,0.142623046875,2.1887869960937536,119.29,89.14326420000009,-3.507
139,0.1357421875,0.1391982421875,1.9044457802734414,117.14,87.3450539999999,-3.226
140,0.13671875,0.1360478515625,1.7974971005859395,115.069,85.67213030000005,-2.679
141,0.1376953125,0.133431640625,1.7181367617187568,112.944,84.10101050000007,-2.695
142,0.138671875,0.1307998046875,1.64135281152344,111.126,82.66913489999997,-3.88
143,0.1396484375,0.1270107421875,1.3900464052734378,109.376,81.2729069,-2.325
144,0.140625,0.124740234375,1.2806262148437515,107.819,79.81126999999991,-2.867
145,0.1416015625,0.1219404296875,1.0855325302734364,106.425,78.69377429999993,-2.528
146,0.142578125,0.1194716796875,0.9510157021484389,104.528,77.37865999999997,-1.701
147,0.1435546875,0.117810546875,0.9356259335937498,103.278,76.23754240000008,-2.237
148,0.14453125,0.1156259765625,0.8466505849609387,101.71,74.97073839999999,-2.386
149,0.1455078125,0.1132958984375,0.8006003662109382,100.014,73.62464210000006,-2.125
150,0.146484375,0.111220703125,0.7837381835937496,98.287,72.28042430000012,-1.877
151,0.1474609375,0.1093876953125,0.7291590146484364,96.88,71.16142009999996,-2.092
152,0.1484375,0.1073447265625,0.6365749599609352,95.424,70.02542389999996,-2.102
153,0.1494140625,0.1052919921875,0.5421213271484362,94.29,69.01609079999992,-1.699
154,0.150390625,0.1036328125,0.5042749999999998,92.693,67.872905,-2.018
155,0.1513671875,0.101662109375,0.4601148398437491,91.454,66.8081733000001,-1.603
156,0.15234375,0.1000966796875,0.4154960927734397,90.287,65.85289730000001,-2.033
157,0.1533203125,0.098111328125,0.36707308984374976,88.827,64.76413180000003,-1.587
158,0.154296875,0.0965615234375,0.3246487880859359,87.811,63.92690700000005,-1.593
159,0.1552734375,0.095005859375,0.29517207421874936,86.838,63.02168160000006,-1.417
160,0.15625,0.0936220703125,0.28801156152343843,85.62,62.197031200000026,-1.651
161,0.1572265625,0.092009765625,0.2529574960937495,84.352,61.208330699999976,-1.38
162,0.158203125,0.090662109375,0.2395876523437508,83.105,60.20579649999998,-1.109
163,0.1591796875,0.0895791015625,0.23409527246093909,82.018,59.388473699999984,-1.46
164,0.16015625,0.0881533203125,0.19286390527343666,81.028,58.608679200000026,-1.482
165,0.1611328125,0.0867060546875,0.17220667089843555,79.995,57.80705970000005,-1.202
166,0.162109375,0.0855322265625,0.16406716308593872,79.017,57.013285799999956,-1.225
167,0.1630859375,0.0843359375,0.15757070312499977,77.748,56.133113699999974,-1.365
168,0.1640625,0.0830029296875,0.1434716552734363,76.789,55.35225620000002,-1.136
169,0.1650390625,0.0818935546875,0.1367432802734383,75.851,54.65008330000005,-1.13
170,0.166015625,0.0807900390625,0.1265386318359374,75.077,53.99475499999996,-1.11
171,0.1669921875,0.0797060546875,0.12043148339843768,74.09,53.28621750000002,-1.23
172,0.16796875,0.0785048828125,0.10798601464843838,73.157,52.54801840000003,-0.963
173,0.1689453125,0.077564453125,0.10612941796874953,72.395,51.814927700000005,-0.994
174,0.169921875,0.07659375,0.09996423437499935,71.627,51.16606000000004,-1.038
175,0.1708984375,0.075580078125,0.09766480859374926,70.786,50.478353600000034,-0.904
176,0.171875,0.074697265625,0.09572060546875072,69.946,49.85744769999998,-0.969
177,0.1728515625,0.0737509765625,0.09178472558593676,69.155,49.21356119999993,-0.87
178,0.173828125,0.0729013671875,0.09036249902343751,68.306,48.56198449999998,-0.915
179,0.1748046875,0.0720078125,0.08575810937499995,67.43,47.923950700000034,-0.909
180,0.17578125,0.0711201171875,0.08278620214843802,66.587,47.31800579999997,-0.774
181,0.1767578125,0.0703642578125,0.08190838964843827,65.749,46.68575529999993,-1.026
182,0.177734375,0.0693623046875,0.0765412802734371,64.928,46.0842878,-0.932
183,0.1787109375,0.0684521484375,0.06603513183593801,64.145,45.51262789999993,-0.86
184,0.1796875,0.0676123046875,0.06482399902343694,63.444,44.97571470000001,-0.829
185,0.1806640625,0.066802734375,0.062038246093749194,62.628,44.40112739999992,-0.852
186,0.181640625,0.065970703125,0.05988582421874966,61.911,43.867000799999936,-0.808
187,0.1826171875,0.065181640625,0.05294480859375028,61.326,43.37416629999996,-0.878
188,0.18359375,0.06432421875,0.050873609375000406,60.589,42.81473579999997,-0.824
189,0.1845703125,0.06351953125,0.0467871718749997,59.971,42.32207650000001,-0.895
190,0.185546875,0.0626455078125,0.04483281152343732,59.274,41.781201200000005,-0.759
191,0.1865234375,0.061904296875,0.04293935546875005,58.573,41.24876629999999,-0.749
192,0.1875,0.0611728515625,0.04162316308593761,57.927,40.77032220000001,-0.594
193,0.1884765625,0.0605927734375,0.04130350683593775,57.344,40.269457100000054,-0.699
194,0.189453125,0.05991015625,0.040239156250000185,56.655,39.758887099999995,-0.634
195,0.1904296875,0.059291015625,0.03908418359375032,56.059,39.2894344,-0.625
196,0.19140625,0.0586806640625,0.037768631835937594,55.436,38.82075589999999,-0.713
197,0.1923828125,0.057984375,0.0350416250000003,54.852,38.36744759999996,-0.724
198,0.193359375,0.05727734375,0.033250875000000235,54.258,37.93677850000002,-0.698
199,0.1943359375,0.056595703125,0.03118348046875008,53.633,37.46543579999996,-0.542
200,0.1953125,0.05606640625,0.0306643124999999,53.039,37.021443500000025,-0.578
201,0.1962890625,0.055501953125,0.029930121093749484,52.547,36.6292866,-0.62
202,0.197265625,0.054896484375,0.028574417968750154,51.938,36.17421729999997,-0.627
203,0.1982421875,0.0542841796875,0.028756280273436907,51.373,35.74756040000001,-0.628
204,0.19921875,0.0536708984375,0.028116522460936988,50.822,35.33305899999998,-0.56
205,0.2001953125,0.0531240234375,0.02674003808593728,50.305,34.93743120000003,-0.653
206,0.201171875,0.052486328125,0.026155746093750043,49.77,34.52972889999996,-0.537
207,0.2021484375,0.0519619140625,0.025409491210937052,49.236,34.1093177,-0.512
208,0.203125,0.0514619140625,0.02505975683593764,48.815,33.75705090000002,-0.522
209,0.2041015625,0.0509521484375,0.024767944335937653,48.344,33.37667350000002,-0.605
210,0.205078125,0.050361328125,0.024899511718750045,47.851,32.99208070000003,-0.542
211,0.2060546875,0.04983203125,0.02450314062499981,47.393,32.64433140000001,-0.501
212,0.20703125,0.0493427734375,0.023344991210937138,46.884,32.271202200000054,-0.555
213,0.2080078125,0.04880078125,0.02307540624999982,46.432,31.90771370000004,-0.58
214,0.208984375,0.048234375,0.02255892187499997,45.965,31.55734759999996,-0.569
215,0.2099609375,0.0476787109375,0.02162467871093776,45.484,31.233630899999994,-0.492
216,0.2109375,0.0471982421875,0.020643983398437094,45.047,30.891525700000006,-0.552
217,0.2119140625,0.0466591796875,0.020236483398436977,44.571,30.55010269999998,-0.438
218,0.212890625,0.0462314453125,0.019815155273437135,44.078,30.226633100000004,-0.458
219,0.2138671875,0.0457841796875,0.019054014648437256,43.619,29.88401720000001,-0.463
220,0.21484375,0.04533203125,0.0182476562499998,43.202,29.561495100000034,-0.489
221,0.2158203125,0.0448544921875,0.017849842773437707,42.785,29.216575400000014,-0.466
222,0.216796875,0.0443994140625,0.017586694335936848,42.328,28.908199400000004,-0.466
223,0.2177734375,0.0439443359375,0.017301756835937265,41.954,28.602183800000013,-0.484
224,0.21875,0.0434716796875,0.016687280273437466,41.537,28.27666330000002,-0.423
225,0.2197265625,0.04305859375,0.016312046875000208,41.141,27.98521269999999,-0.449
226,0.220703125,0.0426201171875,0.015671436523437388,40.743,27.669643999999963,-0.43
227,0.2216796875,0.0422001953125,0.015103155273437308,40.333,27.39908599999998,-0.456
228,0.22265625,0.0417548828125,0.014724561523437707,39.917,27.097448999999976,-0.407
229,0.2236328125,0.041357421875,0.014524902343749924,39.443,26.791023899999995,-0.414
230,0.224609375,0.040953125,0.014025296875000093,39.131,26.526462000000024,-0.418
231,0.2255859375,0.040544921875,0.013505542968750062,38.693,26.235435000000027,-0.426
232,0.2265625,0.04012890625,0.013427281250000034,38.282,25.95697280000002,-0.415
233,0.2275390625,0.0397236328125,0.013082686523437692,37.92,25.693198700000003,-0.38
234,0.228515625,0.0393525390625,0.012555459960937654,37.566,25.429005799999985,-0.393
235,0.2294921875,0.03896875,0.012313265624999792,37.194,25.1737743,-0.372
236,0.23046875,0.03860546875,0.01209860937500018,36.817,24.902951399999978,-0.388
237,0.2314453125,0.0382265625,0.011686781250000111,36.461,24.658851300000066,-0.384
238,0.232421875,0.0378515625,0.011318750000000266,36.143,24.41899540000003,-0.383
239,0.2333984375,0.0374775390625,0.010698116210937414,35.733,24.1705931,-0.406
240,0.234375,0.0370810546875,0.01023843652343781,35.397,23.927613599999997,-0.442
241,0.2353515625,0.0366494140625,0.009805819335937382,35.105,23.698645100000004,-0.365
242,0.236328125,0.03629296875,0.009754984374999998,34.769,23.448855200000004,-0.327
243,0.2373046875,0.0359736328125,0.0093304990234373,34.429,23.218883600000005,-0.359
244,0.23828125,0.035623046875,0.0090874179687499,34.123,22.972084699999954,-0.336
245,0.2392578125,0.035294921875,0.00859163671874974,33.798,22.74512329999999,-0.345
246,0.240234375,0.0349580078125,0.008142374023437648,33.475,22.515336299999973,-0.311
247,0.2412109375,0.034654296875,0.007874808593750116,33.141,22.287671700000015,-0.362
248,0.2421875,0.03430078125,0.0077603749999999305,32.816,22.0560334,-0.358
249,0.2431640625,0.033951171875,0.007546136718750152,32.481,21.843736000000003,-0.278
250,0.244140625,0.0336796875,0.0075291562500001685,32.201,21.633665599999983,-0.304
251,0.2451171875,0.0333828125,0.007205218750000242,31.914,21.42021450000002,-0.305
252,0.24609375,0.0330849609375,0.006984725585937657,31.67,21.219856600000035,-0.353
253,0.2470703125,0.032740234375,0.007013011718749684,31.36,21.01688129999999,-0.329
254,0.248046875,0.0324189453125,0.006918155273437421,31.049,20.806908399999983,-0.29
255,0.2490234375,0.0321357421875,0.007002295898437705,30.786,20.60845949999999,-0.317
256,0.25,0.031826171875,0.007009667968749911,30.526,20.408261099999986,-0.325
257,0.2509765625,0.0315087890625,0.006862084960937542,30.269,20.20826139999999,-0.299
258,0.251953125,0.031216796875,0.006666839843749939,30.031,20.029087199999985,-0.272
259,0.2529296875,0.030951171875,0.006553089843750137,29.758,19.83254739999999,-0.289
260,0.25390625,0.0306689453125,0.006450170898437468,29.494,19.650046900000003,-0.29
261,0.2548828125,0.0303857421875,0.006456811523437578,29.246,19.45849599999996,-0.285
262,0.255859375,0.030107421875,0.006331152343750035,28.998,19.283195199999994,-0.256
263,0.2568359375,0.029857421875,0.0061684804687499595,28.758,19.09770039999999,-0.257
264,0.2578125,0.0296064453125,0.005961436523437502,28.498,18.913337099999993,-0.216
265,0.2587890625,0.0293955078125,0.0059031240234375115,28.246,18.72822049999999,-0.214
266,0.259765625,0.0291865234375,0.00571897558593748,28.021,18.5505658,-0.278
267,0.2607421875,0.0289150390625,0.005615350585937429,27.786,18.376697699999987,-0.255
268,0.26171875,0.028666015625,0.005516292968750114,27.519,18.195268500000022,-0.234
269,0.2626953125,0.0284375,0.005394140624999988,27.283,18.022451700000016,-0.237
270,0.263671875,0.0282060546875,0.005374327148437552,27.062,17.85426700000001,-0.253
271,0.2646484375,0.027958984375,0.00527841796875006,26.844,17.695631199999983,-0.253
272,0.265625,0.0277119140625,0.005272334960937597,26.619,17.52966380000001,-0.248
273,0.2666015625,0.0274697265625,0.005127303710937392,26.398,17.366054800000004,-0.285
274,0.267578125,0.02719140625,0.005161781249999886,26.161,17.21940489999999,-0.243
275,0.2685546875,0.0269541015625,0.004995897460937537,25.912,17.056225199999997,-0.251
276,0.26953125,0.026708984375,0.004800292968749953,25.703,16.90822000000002,-0.267
277,0.2705078125,0.0264482421875,0.004625108398437661,25.491,16.751998700000012,-0.246
278,0.271484375,0.0262080078125,0.004625420898437538,25.252,16.597407300000004,-0.216
279,0.2724609375,0.0259970703125,0.004442733398437593,25.005,16.439215299999987,-0.208
280,0.2734375,0.0257939453125,0.004383233398437492,24.824,16.293273900000003,-0.223
281,0.2744140625,0.025576171875,0.004163964843749923,24.625,16.153995299999988,-0.254
282,0.275390625,0.025328125,0.004031156249999945,24.431,16.012509400000013,-0.238
283,0.2763671875,0.025095703125,0.004012496093749984,24.251,15.87157289999999,-0.207
284,0.27734375,0.0248935546875,0.0039198427734374874,24.054,15.727801300000007,-0.207
285,0.2783203125,0.02469140625,0.003829437500000088,23.839,15.581622300000003,-0.201
286,0.279296875,0.0244951171875,0.003677842773437634,23.607,15.446103900000022,-0.2
287,0.2802734375,0.0242998046875,0.003624327148437523,23.434,15.307245800000022,-0.169
288,0.28125,0.024134765625,0.003554886718750039,23.244,15.17876020000001,-0.179
289,0.2822265625,0.0239599609375,0.003469506835937497,23.077,15.038981799999995,-0.185
290,0.283203125,0.023779296875,0.0034038085937500018,22.901,14.907427499999997,-0.2
291,0.2841796875,0.023583984375,0.0033608398437500187,22.698,14.780816900000012,-0.2
292,0.28515625,0.023388671875,0.0031850585937500675,22.495,14.649812700000007,-0.195
293,0.2861328125,0.0231982421875,0.0030654052734374604,22.315,14.523815099999993,-0.219
294,0.287109375,0.022984375,0.002992875000000006,22.148,14.400693699999982,-0.208
295,0.2880859375,0.02278125,0.0029632968750000765,21.978,14.275027199999977,-0.188
296,0.2890625,0.02259765625,0.0029789062499999686,21.799,14.152047199999993,-0.19
297,0.2900390625,0.022412109375,0.0029526367187500124,21.606,14.026340200000021,-0.198
298,0.291015625,0.02221875,0.002891109375000034,21.398,13.906224099999996,-0.173
299,0.2919921875,0.0220498046875,0.002804452148437442,21.227,13.783660800000005,-0.173
300,0.29296875,0.021880859375,0.0026925429687500446,21.053,13.66676949999999,-0.181
301,0.2939453125,0.0217041015625,0.002730834960937456,20.895,13.550058800000008,-0.172
302,0.294921875,0.0215361328125,0.00274432714843742,20.738,13.4321593,-0.168
303,0.2958984375,0.0213720703125,0.0027068115234374357,20.561,13.320218599999997,-0.158
304,0.296875,0.0212177734375,0.002643038085937466,20.383,13.204631599999997,-0.158
305,0.2978515625,0.0210634765625,0.0025715224609375587,20.228,13.094825499999972,-0.188
306,0.298828125,0.0208798828125,0.0025232802734375115,20.076,12.982406999999991,-0.19
307,0.2998046875,0.0206943359375,0.002527850585937519,19.912,12.872057899999987,-0.162
308,0.30078125,0.0205361328125,0.0024806240234375165,19.756,12.759608600000002,-0.147
309,0.3017578125,0.020392578125,0.0024883554687499254,19.617,12.652353500000013,-0.153
310,0.302734375,0.0202431640625,0.0024839443359375712,19.492,12.540946999999996,-0.175
311,0.3037109375,0.020072265625,0.002469808593750067,19.369,12.440383699999996,-0.162
312,0.3046875,0.0199140625,0.0024124374999999754,19.216,12.3355201,-0.162
313,0.3056640625,0.019755859375,0.0024053710937499972,19.063,12.233960699999974,-0.147
314,0.306640625,0.0196123046875,0.002353624023437584,18.915,12.1276072,-0.157
315,0.3076171875,0.019458984375,0.002324730468750036,18.783,12.030453000000007,-0.153
316,0.30859375,0.0193095703125,0.002224092773437547,18.616,11.930998299999997,-0.166
317,0.3095703125,0.0191474609375,0.002180225585937501,18.484,11.831742800000008,-0.152
318,0.310546875,0.0189990234375,0.0022460693359375727,18.339,11.734093199999995,-0.151
319,0.3115234375,0.0188515625,0.002153890625000099,18.186,11.633226799999987,-0.156
320,0.3125,0.01869921875,0.0021055625000000466,18.059,11.536804499999993,-0.134
321,0.3134765625,0.018568359375,0.0020291054687500143,17.908,11.442921700000005,-0.166
322,0.314453125,0.01840625,0.0019637656250000024,17.783,11.346741629999991,-0.178
323,0.3154296875,0.018232421875,0.0018838867187499497,17.634,11.254820890000012,-0.158
324,0.31640625,0.018078125,0.0018221250000000078,17.504,11.164180239999997,-0.148
325,0.3173828125,0.01793359375,0.001837406249999951,17.374,11.069938290000007,-0.138
326,0.318359375,0.017798828125,0.0017821523437500097,17.242,10.979277969999993,-0.132
327,0.3193359375,0.017669921875,0.0017530898437499443,17.124,10.88771008,-0.121
328,0.3203125,0.0175517578125,0.0017190146484375446,16.984,10.801200180000011,-0.106
329,0.3212890625,0.0174482421875,0.0016829208984374677,16.86,10.712452690000005,-0.123
330,0.322265625,0.017328125,0.00166256250000002,16.754,10.625237259999981,-0.116
331,0.3232421875,0.01721484375,0.0016226718750000368,16.64,10.542319400000013,-0.13
332,0.32421875,0.017087890625,0.0015820273437499588,16.505,10.456912490000002,-0.121
333,0.3251953125,0.0169697265625,0.0016004599609375503,16.399,10.374735379999997,-0.099
334,0.326171875,0.016873046875,0.0015964023437500252,16.275,10.28767414,-0.12
335,0.3271484375,0.016755859375,0.001627964843749996,16.163,10.207101590000011,-0.103
336,0.328125,0.0166552734375,0.0015976318359375297,16.045,10.12545026000001,-0.121
337,0.3291015625,0.016537109375,0.0015426210937499185,15.924,10.047375129999997,-0.133
338,0.330078125,0.0164072265625,0.0015013662109375492,15.802,9.967889929999998,-0.149
339,0.3310546875,0.01626171875,0.0014989218750000033,15.684,9.89281785,-0.139
340,0.33203125,0.0161259765625,0.0015135068359374282,15.557,9.811495640000004,-0.121
341,0.3330078125,0.0160078125,0.0014690781250000229,15.432,9.737498529999991,-0.129
342,0.333984375,0.0158818359375,0.0014119443359374428,15.309,9.659612440000014,-0.139
343,0.3349609375,0.01574609375,0.0013541250000000393,15.191,9.583301140000014,-0.134
344,0.3359375,0.015615234375,0.0013143554687500003,15.077,9.508546720000004,-0.114
345,0.3369140625,0.01550390625,0.0012857656250000182,14.962,9.435685190000006,-0.117
346,0.337890625,0.0153896484375,0.001297772460937513,14.872,9.362275300000004,-0.117
347,0.3388671875,0.015275390625,0.0012869492187500275,14.778,9.28902425,-0.102
348,0.33984375,0.01517578125,0.0012855468750000154,14.672,9.217393620000001,-0.113
349,0.3408203125,0.0150654296875,0.0012799521484375131,14.575,9.144617840000006,-0.097
350,0.341796875,0.014970703125,0.0013038085937499833,14.464,9.07441281,-0.105
351,0.3427734375,0.0148681640625,0.0013011474609375129,14.357,9.004973379999994,-0.121
352,0.34375,0.01475,0.0012863125000000253,14.243,8.934941680000001,-0.107
353,0.3447265625,0.0146455078125,0.0012841708984374922,14.141,8.867572240000001,-0.111
354,0.345703125,0.014537109375,0.0012802773437500248,14.042,8.799089600000011,-0.113
355,0.3466796875,0.0144267578125,0.0012514365234375102,13.94,8.731648709999995,-0.093
356,0.34765625,0.0143359375,0.0012417968750000064,13.841,8.664693289999992,-0.092
357,0.3486328125,0.01424609375,0.0012072812500000252,13.746,8.598821449999992,-0.098
358,0.349609375,0.014150390625,0.001226464843749997,13.651,8.53260135,-0.108
359,0.3505859375,0.014044921875,0.0011856210937500333,13.57,8.46952657999999,-0.105
360,0.3515625,0.0139423828125,0.0011487021484375137,13.465,8.406371400000005,-0.1
361,0.3525390625,0.0138447265625,0.001128584960937512,13.37,8.34307348,-0.098
362,0.353515625,0.0137490234375,0.0010886318359374925,13.276,8.280434379999996,-0.101
363,0.3544921875,0.013650390625,0.0010659335937500125,13.178,8.219279559999995,-0.092
364,0.35546875,0.013560546875,0.0010517617187500161,13.092,8.156974640000003,-0.095
365,0.3564453125,0.0134677734375,0.0010559755859374798,13.004,8.097099119999992,-0.102
366,0.357421875,0.0133681640625,0.0010158974609374982,12.926,8.036467869999994,-0.085
367,0.3583984375,0.01328515625,0.0010109218750000426,12.85,7.976677539999996,-0.09
368,0.359375,0.013197265625,0.0010115273437500127,12.764,7.917256999999997,-0.093
369,0.3603515625,0.0131064453125,0.0009997646484375122,12.68,7.858996959999987,-0.079
370,0.361328125,0.013029296875,0.0009756210937499898,12.597,7.801255499999993,-0.083
371,0.3623046875,0.0129482421875,0.0009510927734374952,12.512,7.742028940000004,-0.092
372,0.36328125,0.0128583984375,0.0009405380859374979,12.413,7.686370469999995,-0.08
373,0.3642578125,0.0127802734375,0.000927178710937504,12.312,7.6293822100000055,-0.079
374,0.365234375,0.012703125,0.0009140000000000259,12.239,7.571477350000003,-0.073
375,0.3662109375,0.0126318359375,0.0009187255859374743,12.161,7.516728419999994,-0.095
376,0.3671875,0.0125390625,0.0008832031250000094,12.07,7.462250730000005,-0.095
377,0.3681640625,0.0124462890625,0.000867163085937539,11.984,7.407743890000003,-0.1
378,0.369140625,0.0123486328125,0.000877905273437507,11.901,7.353975970000002,-0.09
379,0.3701171875,0.0122607421875,0.0008661865234375066,11.815,7.299866070000009,-0.09
380,0.37109375,0.0121728515625,0.0008542724609374996,11.721,7.247117470000007,-0.076
381,0.3720703125,0.0120986328125,0.000835624023437509,11.657,7.1932857499999985,-0.095
382,0.373046875,0.012005859375,0.0008140273437499956,11.587,7.141842819999998,-0.081
383,0.3740234375,0.0119267578125,0.0007965146484375241,11.512,7.0900520700000085,-0.084
384,0.375,0.0118447265625,0.0007991787109375148,11.432,7.039545939999996,-0.095
385,0.3759765625,0.011751953125,0.0008016054687499941,11.359,6.988813610000009,-0.077
386,0.376953125,0.0116767578125,0.0008077646484374867,11.297,6.938711569999994,-0.071
387,0.3779296875,0.011607421875,0.000784183593750043,11.219,6.888648059999999,-0.07
388,0.37890625,0.0115390625,0.0007677187499999794,11.158,6.8389992900000065,-0.089
389,0.3798828125,0.0114521484375,0.0007465537109374865,11.094,6.7895961200000015,-0.066
390,0.380859375,0.0113876953125,0.0007305458984375179,11.016,6.742262860000005,-0.078
391,0.3818359375,0.0113115234375,0.0007237412109375174,10.933,6.694024220000006,-0.089
392,0.3828125,0.011224609375,0.0007167617187500142,10.867,6.64753397,-0.078
393,0.3837890625,0.0111484375,0.000713812499999994,10.796,6.600705240000004,-0.076
394,0.384765625,0.01107421875,0.0006898437500000021,10.725,6.55330602,-0.078
395,0.3857421875,0.010998046875,0.0006927304687499858,10.665,6.506349539999995,-0.068
396,0.38671875,0.010931640625,0.0006898085937499798,10.589,6.460935330000006,-0.059
397,0.3876953125,0.0108740234375,0.0006804443359375023,10.531,6.413845520000003,-0.086
398,0.388671875,0.0107900390625,0.0006626943359375054,10.467,6.369547320000006,-0.078
399,0.3896484375,0.0107138671875,0.000648592773437498,10.397,6.32553981000001,-0.075
400,0.390625,0.010640625,0.0006242031249999724,10.332,6.28070699,-0.056
401,0.3916015625,0.0105859375,0.0006039062499999942,10.253,6.235920219999995,-0.056
402,0.392578125,0.01053125,0.00061264062499998,10.201,6.191520469999997,-0.069
403,0.3935546875,0.0104638671875,0.0006130615234374998,10.136,6.148466129999995,-0.064
404,0.39453125,0.0104013671875,0.0006203115234375001,10.096,6.105162700000001,-0.059
405,0.3955078125,0.01034375,0.0005972031250000009,10.037,6.063057290000003,-0.056
406,0.396484375,0.0102890625,0.0006100625000000082,9.965,6.020599130000006,-0.069
407,0.3974609375,0.0102216796875,0.000598545898437497,9.906,5.979041930000004,-0.068
408,0.3984375,0.0101552734375,0.0005779287109375086,9.838,5.938439799999995,-0.074
409,0.3994140625,0.0100830078125,0.0005755615234375039,9.779,5.897546200000001,-0.067
410,0.400390625,0.010017578125,0.000565855468750015,9.695,5.85734163999999,-0.074
411,0.4013671875,0.0099453125,0.0005802187500000278,9.625,5.817454290000001,-0.071
412,0.40234375,0.0098759765625,0.0005842099609374984,9.557,5.776804890000006,-0.08
413,0.4033203125,0.0097978515625,0.000587803710937515,9.506,5.737983489999996,-0.066
414,0.404296875,0.0097333984375,0.0005819443359374871,9.452,5.69880033000001,-0.066
415,0.4052734375,0.0096689453125,0.000557811523437507,9.401,5.66076806,-0.079
416,0.40625,0.009591796875,0.0005491367187500235,9.33,5.623613649999992,-0.067
417,0.4072265625,0.0095263671875,0.0005556396484374809,9.267,5.585018680000012,-0.068
418,0.408203125,0.0094599609375,0.0005459287109375183,9.205,5.547610070000003,-0.077
419,0.4091796875,0.009384765625,0.0005272460937500029,9.144,5.510196660000007,-0.041
420,0.41015625,0.0093447265625,0.0005031630859374941,9.102,5.472113130000009,-0.054
421,0.4111328125,0.0092919921875,0.000493920898437486,9.041,5.435670210000002,-0.061
422,0.412109375,0.009232421875,0.000456917968749998,8.991,5.398256919999996,-0.06
423,0.4130859375,0.009173828125,0.0004480117187500021,8.923,5.362455970000004,-0.05
424,0.4140625,0.009125,0.0004469375000000081,8.865,5.325866590000018,-0.053
425,0.4150390625,0.0090732421875,0.0004436708984374982,8.818,5.290220600000004,-0.057
426,0.416015625,0.009017578125,0.0004230898437500019,8.766,5.25519325,-0.051
427,0.4169921875,0.0089677734375,0.0004311630859375054,8.715,5.219419760000001,-0.065
428,0.41796875,0.008904296875,0.00042194921874998126,8.667,5.18621685000001,-0.056
429,0.4189453125,0.008849609375,0.0004161679687500197,8.614,5.151517950000002,-0.06
430,0.419921875,0.008791015625,0.0004023398437499881,8.558,5.118466589999992,-0.055
431,0.4208984375,0.0087373046875,0.00039471777343751124,8.498,5.0849185199999996,-0.078
432,0.421875,0.0086611328125,0.0003963271484375003,8.443,5.052562420000003,-0.063
433,0.4228515625,0.008599609375,0.00040465234375000603,8.377,5.020230519999996,-0.054
434,0.423828125,0.008546875,0.0004106406249999861,8.325,4.987826170000002,-0.055
435,0.4248046875,0.0084931640625,0.0004035068359375116,8.267,4.956036509999994,-0.057
436,0.42578125,0.0084375,0.00040468749999998666,8.209,4.924844339999995,-0.05
437,0.4267578125,0.008388671875,0.000408105468750003,8.159,4.893826629999996,-0.054
438,0.427734375,0.0083359375,0.0003971718750000047,8.104,4.862950730000004,-0.064
439,0.4287109375,0.0082734375,0.0003976718750000052,8.051,4.833028470000002,-0.062
440,0.4296875,0.008212890625,0.00037294921875000164,8.002,4.8033029099999975,-0.064
441,0.4306640625,0.008150390625,0.0003576992187500072,7.954,4.773913469999997,-0.043
442,0.431640625,0.0081083984375,0.0003566318359374959,7.902,4.743880819999997,-0.036
443,0.4326171875,0.0080732421875,0.00036104589843750923,7.858,4.714307040000001,-0.036
444,0.43359375,0.0080380859375,0.00034730371093751045,7.809,4.684219629999998,-0.041
445,0.4345703125,0.007998046875,0.00033974609375000964,7.766,4.654248309999995,-0.036
446,0.435546875,0.007962890625,0.00033035546875000155,7.726,4.6243782300000005,-0.036
447,0.4365234375,0.007927734375,0.00033210546874999636,7.688,4.595180910000002,-0.032
448,0.4375,0.007896484375,0.0003404335937499947,7.663,4.565470019999999,-0.027
449,0.4384765625,0.0078701171875,0.00033742089843752376,7.634,4.5355742999999995,-0.035
450,0.439453125,0.0078359375,0.0003490468750000225,7.6,4.505663199999994,-0.025
451,0.4404296875,0.0078115234375,0.0003525380859375066,7.571,4.475541639999997,-0.024
452,0.44140625,0.0077880859375,0.00036755371093750294,7.525,4.44609849,-0.021
453,0.4423828125,0.007767578125,0.0003670742187500062,7.49,4.416029009999996,-0.031
454,0.443359375,0.0077373046875,0.0003662802734374984,7.45,4.386908370000001,-0.038
455,0.4443359375,0.0077001953125,0.00037868652343750475,7.407,4.357764890000005,-0.029
456,0.4453125,0.007671875,0.000384046875000002,7.368,4.328431880000001,-0.047
457,0.4462890625,0.0076259765625,0.0003930849609374981,7.341,4.300332550000001,-0.046
458,0.447265625,0.0075810546875,0.00039729589843750385,7.303,4.272815380000003,-0.041
459,0.4482421875,0.007541015625,0.000406949218749994,7.256,4.244898530000003,-0.039
460,0.44921875,0.0075029296875,0.00041456152343750247,7.211,4.2176372600000045,-0.038
461,0.4501953125,0.0074658203125,0.0004072021484375077,7.168,4.190319969999999,-0.055
462,0.451171875,0.007412109375,0.00039443359375000014,7.129,4.164650819999999,-0.043
463,0.4521484375,0.0073701171875,0.0004021396484375009,7.096,4.138162109999997,-0.043
464,0.453125,0.007328125,0.0003925625000000127,7.058,4.112906909999997,-0.038
465,0.4541015625,0.007291015625,0.000399261718749995,7.028,4.087073249999989,-0.031
466,0.455078125,0.0072607421875,0.0003884521484375028,6.997,4.062075319999995,-0.036
467,0.4560546875,0.0072255859375,0.0003845693359375013,6.97,4.037319569999996,-0.028
468,0.45703125,0.0071982421875,0.00037828027343749654,6.94,4.012930049999996,-0.022
469,0.4580078125,0.0071767578125,0.000366405273437502,6.909,3.9880627400000024,-0.029
470,0.458984375,0.0071484375,0.00036484374999999625,6.879,3.96369374,-0.02
471,0.4599609375,0.00712890625,0.0003632812499999999,6.862,3.938657959999999,-0.022
472,0.4609375,0.007107421875,0.0003522617187500035,6.841,3.9137743200000004,-0.016
473,0.4619140625,0.007091796875,0.0003528867187500076,6.816,3.888520080000003,-0.02
474,0.462890625,0.007072265625,0.0003373398437499994,6.793,3.864315590000005,-0.018
475,0.4638671875,0.0070546875,0.0003474843749999984,6.77,3.839391950000006,-0.02
476,0.46484375,0.00703515625,0.00034021875000000285,6.745,3.8149889500000085,-0.021
477,0.4658203125,0.0070146484375,0.00035108496093749775,6.719,3.790387340000001,-0.022
478,0.466796875,0.0069931640625,0.000354569335937506,6.691,3.7658992999999974,-0.02
479,0.4677734375,0.0069736328125,0.0003546083984374976,6.664,3.741237499999997,-0.035
480,0.46875,0.006939453125,0.0003601210937499988,6.642,3.716933020000002,-0.023
481,0.4697265625,0.0069169921875,0.00036924902343749705,6.594,3.6925853300000013,-0.032
482,0.470703125,0.0068857421875,0.00038124902343749517,6.557,3.6685447700000062,-0.041
483,0.4716796875,0.006845703125,0.0003846679687500021,6.516,3.6448357400000067,-0.038
484,0.47265625,0.00680859375,0.0003957187499999959,6.476,3.621439200000002,-0.05
485,0.4736328125,0.006759765625,0.00040030859375000255,6.445,3.5982451999999983,-0.053
486,0.474609375,0.0067080078125,0.00039828027343750266,6.402,3.5755298800000004,-0.052
487,0.4755859375,0.0066572265625,0.00038624121093749214,6.352,3.552809209999999,-0.057
488,0.4765625,0.0066015625,0.0003656250000000083,6.298,3.5308562199999995,-0.055
489,0.4775390625,0.0065478515625,0.000353491210937501,6.259,3.5087659900000014,-0.064
490,0.478515625,0.0064853515625,0.00034386621093749486,6.224,3.48741855,-0.072
491,0.4794921875,0.0064150390625,0.00033519433593749703,6.182,3.4666059900000037,-0.042
492,0.48046875,0.0063740234375,0.00032350683593750096,6.145,3.4452651500000115,-0.058
493,0.4814453125,0.0063173828125,0.0003174208984374968,6.109,3.424642289999998,-0.051
494,0.482421875,0.006267578125,0.0003059335937499949,6.079,3.4039967000000004,-0.035
495,0.4833984375,0.0062333984375,0.00029522558593750303,6.054,3.3833409300000037,-0.039
496,0.484375,0.0061953125,0.00028678124999999277,6.016,3.3630210999999983,-0.034
497,0.4853515625,0.006162109375,0.0002733398437500048,5.99,3.342951670000003,-0.035
498,0.486328125,0.0061279296875,0.0002591552734374919,5.96,3.323150060000001,-0.044
499,0.4873046875,0.0060849609375,0.0002496474609375021,5.92,3.3038113699999916,-0.037
500,0.48828125,0.006048828125,0.00024254296874999526,5.883,3.2845105399999954,-0.047
501,0.4892578125,0.0060029296875,0.0002298740234374999,5.84,3.2655431600000053,-0.051
502,0.490234375,0.005953125,0.00022928124999999772,5.801,3.2473384300000014,-0.042
503,0.4912109375,0.005912109375,0.00022762109374999812,5.765,3.22924211,-0.034
504,0.4921875,0.00587890625,0.00021835937500000457,5.719,3.211742280000003,-0.036
505,0.4931640625,0.00584375,0.00020678125000000297,5.675,3.194282309999985,-0.03
506,0.494140625,0.005814453125,0.0002010585937500045,5.63,3.1775895399999965,-0.031
507,0.4951171875,0.0057841796875,0.00019245214843750108,5.587,3.1607496099999963,-0.028
508,0.49609375,0.0057568359375,0.00019138183593750413,5.542,3.1444856500000022,-0.037
509,0.4970703125,0.005720703125,0.00019124609375000684,5.514,3.1284871600000033,-0.031
510,0.498046875,0.0056904296875,0.0001885458984374963,5.485,3.112697339999984,-0.021
511,0.4990234375,0.005669921875,0.0001898085937500002,5.45,3.096762969999993,-0.027
512,0.5,0.0056435546875,0.00019351464843749694,5.427,3.0814019199999994,-0.018
513,0.5009765625,0.0056259765625,0.00019324121093750035,5.406,3.065776409999996,-0.009
514,0.501953125,0.0056171875,0.0001938437499999987,5.387,3.0503614000000017,-0.012
515,0.5029296875,0.00560546875,0.0001996093749999997,5.371,3.0349368699999975,-0.015
516,0.50390625,0.0055908203125,0.00020642089843750377,5.35,3.019558750000004,-0.013
517,0.5048828125,0.005578125,0.00021196875000000642,5.336,3.0041245599999975,-0.016
518,0.505859375,0.0055625,0.00021248437500000217,5.321,2.988809350000001,-0.011
519,0.5068359375,0.0055517578125,0.00021657714843750092,5.305,2.9733418400000007,-0.011
520,0.5078125,0.005541015625,0.00021848046874999721,5.289,2.9578529399999964,-0.012
521,0.5087890625,0.005529296875,0.00022241796874999942,5.278,2.9423583900000003,-0.008
522,0.509765625,0.005521484375,0.00022488671875000102,5.271,2.9267933399999957,-0.008
523,0.5107421875,0.005513671875,0.00022527734374999664,5.261,2.911155100000006,-0.009
524,0.51171875,0.0055048828125,0.00022776464843750344,5.255,2.895590930000008,-0.006
525,0.5126953125,0.0054990234375,0.00022933496093749742,5.248,2.8799270600000026,-0.011
526,0.513671875,0.00548828125,0.00023007812499999808,5.241,2.864261570000001,-0.007
527,0.5146484375,0.0054814453125,0.00023167089843749433,5.236,2.8484147299999987,-0.004
528,0.515625,0.0054775390625,0.00023253808593750105,5.23,2.8324946700000027,-0.004
529,0.5166015625,0.0054736328125,0.00023337402343749647,5.219,2.8165998000000014,-0.006
530,0.517578125,0.0054677734375,0.00023456933593749701,5.213,2.800644889999999,-0.004
531,0.5185546875,0.0054638671875,0.0002353271484375058,5.209,2.7845796500000044,-0.01
532,0.51953125,0.0054541015625,0.00023708496093749823,5.203,2.768692579999998,-0.008
533,0.5205078125,0.0054462890625,0.00023835058593750166,5.192,2.7526012399999957,-0.009
534,0.521484375,0.0054375,0.00024353125000000156,5.184,2.7365181599999975,-0.004
535,0.5224609375,0.00543359375,0.0002459999999999997,5.165,2.7202293399999973,-0.01
536,0.5234375,0.005423828125,0.0002491054687499966,5.155,2.7040150400000025,-0.01
537,0.5244140625,0.0054140625,0.0002559218750000057,5.147,2.68769775,-0.016
538,0.525390625,0.0053984375,0.0002687656250000038,5.132,2.6716300299999967,-0.015
539,0.5263671875,0.0053837890625,0.0002752255859375004,5.112,2.6554363300000006,-0.014
540,0.52734375,0.0053701171875,0.0002792958984375038,5.09,2.6392420699999986,-0.024
541,0.5283203125,0.0053466796875,0.0002845458984375021,5.067,2.623143520000006,-0.022
542,0.529296875,0.0053251953125,0.00028690527343749536,5.024,2.607073199999999,-0.036
543,0.5302734375,0.0052900390625,0.0002999130859375025,4.984,2.591430179999997,-0.046
544,0.53125,0.0052451171875,0.0003196865234374978,4.939,2.5759596800000013,-0.043
545,0.5322265625,0.005203125,0.0003363437499999955,4.891,2.560609250000002,-0.043
546,0.533203125,0.0051611328125,0.0003513427734374991,4.838,2.5455974400000034,-0.057
547,0.5341796875,0.00510546875,0.0003632968750000021,4.792,2.531107500000003,-0.048
548,0.53515625,0.00505859375,0.0003687500000000045,4.741,2.516599809999999,-0.064
549,0.5361328125,0.00499609375,0.00037748437500000065,4.67,2.502868059999997,-0.065
550,0.537109375,0.0049326171875,0.00036171777343749906,4.624,2.4892405099999975,-0.054
551,0.5380859375,0.0048798828125,0.0003505771484375031,4.572,2.4760012600000003,-0.05
552,0.5390625,0.0048310546875,0.0003361240234374986,4.506,2.4634109899999985,-0.045
553,0.5400390625,0.004787109375,0.0003246054687499958,4.454,2.4508607899999992,-0.057
554,0.541015625,0.0047314453125,0.0003056396484375015,4.404,2.439000499999995,-0.041
555,0.5419921875,0.00469140625,0.00029451562499999487,4.351,2.4272197999999987,-0.048
556,0.54296875,0.00464453125,0.0002836562499999966,4.325,2.4160678300000007,-0.033
557,0.5439453125,0.0046123046875,0.0002658896484375034,4.294,2.404972109999998,-0.044
558,0.544921875,0.0045693359375,0.00026167871093749767,4.267,2.3942998799999957,-0.028
559,0.5458984375,0.0045419921875,0.0002570302734375002,4.244,2.3834667599999957,-0.027
560,0.546875,0.004515625,0.00025451562500000344,4.226,2.372886479999995,-0.016
561,0.5478515625,0.0045,0.000250328125000001,4.211,2.3622943700000034,-0.023
562,0.548828125,0.0044775390625,0.00024880371093750214,4.197,2.351924340000007,-0.012
563,0.5498046875,0.0044658203125,0.00024870214843749835,4.183,2.3413672300000017,-0.013
564,0.55078125,0.004453125,0.0002464843750000015,4.175,2.3309152299999973,-0.009
565,0.5517578125,0.0044443359375,0.0002474599609374982,4.167,2.3204468499999975,-0.01
566,0.552734375,0.0044345703125,0.0002464052734374965,4.161,2.3100272199999967,-0.008
567,0.5537109375,0.0044267578125,0.0002450302734374951,4.159,2.29958549,-0.007
568,0.5546875,0.004419921875,0.00024348046875000487,4.157,2.28913618,-0.01
569,0.5556640625,0.00441015625,0.00024389062499999975,4.146,2.2786414000000015,-0.01
570,0.556640625,0.004400390625,0.00024410546874999509,4.141,2.2681048200000054,-0.008
571,0.5576171875,0.004392578125,0.00024413671874999598,4.14,2.257558690000004,-0.008
572,0.55859375,0.004384765625,0.00024404296874999676,4.137,2.246983609999998,-0.022
573,0.5595703125,0.00436328125,0.000243140624999999,4.132,2.2365064800000023,-0.017
574,0.560546875,0.0043466796875,0.00024179589843750446,4.127,2.22592506,-0.014
575,0.5615234375,0.0043330078125,0.0002402646484374986,4.119,2.2152383200000014,-0.019
576,0.5625,0.004314453125,0.0002375742187499981,4.109,2.2045525900000102,-0.02
577,0.5634765625,0.004294921875,0.0002339804687500023,4.1,2.1938350399999997,-0.027
578,0.564453125,0.0042685546875,0.00022788964843749662,4.088,2.1831604700000007,-0.023
579,0.5654296875,0.00424609375,0.00022157812500000346,4.082,2.1724129400000005,-0.026
580,0.56640625,0.004220703125,0.000213199218749998,4.077,2.161669139999999,-0.03
581,0.5673828125,0.00419140625,0.00020189062500000285,4.071,2.1509340500000054,-0.038
582,0.568359375,0.004154296875,0.00018504296875000367,4.064,2.140234990000005,-0.025
583,0.5693359375,0.0041298828125,0.00017242089843749753,4.052,2.1293092699999985,-0.033
584,0.5703125,0.00409765625,0.00015389062499999995,4.044,2.1184648600000004,-0.038
585,0.5712890625,0.004060546875,0.00012991796874999711,4.038,2.1076387000000016,-0.02
586,0.572265625,0.004041015625,0.00011616796875000071,4.032,2.096554650000001,-0.013
587,0.5732421875,0.0040283203125,0.0001068115234375,4.026,2.0853372600000006,-0.017
588,0.57421875,0.00401171875,9.407812500000431e-05,4.018,2.0741136699999987,-0.014
589,0.5751953125,0.003998046875,8.316796874999893e-05,4.014,2.062828399999998,-0.018
590,0.576171875,0.00398046875,6.85781250000031e-05,4.012,2.05154185,-0.018
591,0.5771484375,0.003962890625,5.5308593750000995e-05,4.009,2.040199499999998,-0.012
592,0.578125,0.003951171875,4.480859374999743e-05,4.005,2.0287246299999984,-0.011
593,0.5791015625,0.0039404296875,3.6889648437496425e-05,4.0,2.0172228099999954,-0.012
594,0.580078125,0.0039287109375,2.7803710937503168e-05,3.997,2.00567074,-0.006
595,0.5810546875,0.0039228515625,2.413183593749993e-05,3.992,1.9940127900000015,-0.007
596,0.58203125,0.003916015625,1.943359375000328e-05,3.984,1.9823683300000017,-0.004
597,0.5830078125,0.003912109375,2.1449218749997057e-05,3.976,1.9706390500000002,-0.012
598,0.583984375,0.003900390625,2.144921874999879e-05,3.964,1.9589836299999974,-0.007
599,0.5849609375,0.0038935546875,2.4249023437498962e-05,3.95,1.9472653799999997,-0.011
600,0.5859375,0.0038828125,3.264062500000012e-05,3.938,1.9356021200000029,-0.01
601,0.5869140625,0.003873046875,4.18398437499988e-05,3.915,1.9239955099999715,-0.011
602,0.587890625,0.0038623046875,5.1733398437499994e-05,3.88,1.9124374999999976,-0.018
603,0.5888671875,0.0038447265625,6.741308593750245e-05,3.854,1.901107299999997,-0.03
604,0.58984375,0.0038154296875,9.018652343749899e-05,3.815,1.8900687199999995,-0.023
605,0.5908203125,0.00379296875,0.00010795312500000084,3.773,1.8791458199999995,-0.032
606,0.591796875,0.00376171875,0.00012900000000000238,3.725,1.868596699999997,-0.029
607,0.5927734375,0.0037333984375,0.00014811621093750033,3.677,1.8583335100000014,-0.043
608,0.59375,0.00369140625,0.00017148437500000106,3.62,1.84864738,-0.039
609,0.5947265625,0.0036533203125,0.0001893740234374993,3.565,1.839211230000003,-0.048
610,0.595703125,0.0036064453125,0.00020776464843750078,3.506,1.8305019299999996,-0.038
611,0.5966796875,0.0035693359375,0.00022067871093750177,3.448,1.8222578700000007,-0.044
612,0.59765625,0.0035263671875,0.00023210839843749824,3.385,1.8147675599999995,-0.049
613,0.5986328125,0.003478515625,0.0002403867187500009,3.323,1.8078159100000013,-0.046
614,0.599609375,0.00343359375,0.00024389062499999975,3.278,1.8015923600000012,-0.045
615,0.6005859375,0.0033896484375,0.00024331933593750056,3.231,1.795908559999996,-0.042
616,0.6015625,0.0033486328125,0.00023921777343750145,3.198,1.7909304499999938,-0.039
617,0.6025390625,0.003310546875,0.00023232421874999978,3.154,1.786316199999996,-0.026
618,0.603515625,0.00328515625,0.00022607812500000102,3.124,1.781998420000003,-0.035
619,0.6044921875,0.0032509765625,0.00021558496093749928,3.091,1.7784599900000013,-0.027
620,0.60546875,0.003224609375,0.0002058554687500002,3.075,1.7751202899999996,-0.031
621,0.6064453125,0.0031943359375,0.00019292871093750004,3.057,1.7719877000000042,-0.01
622,0.607421875,0.0031845703125,0.0001883583984374996,3.05,1.769179620000004,-0.015
623,0.6083984375,0.003169921875,0.0001811367187499989,3.043,1.766877219999998,-0.006
624,0.609375,0.0031640625,0.00017812499999999773,3.039,1.7644391399999981,-0.01
625,0.6103515625,0.003154296875,0.00017294921874999938,3.034,1.76238492,-0.002
626,0.611328125,0.00315234375,0.00017189062499999887,3.03,1.7600662700000027,-0.007
627,0.6123046875,0.0031455078125,0.0001681240234375006,3.027,1.7579561400000046,-0.004
628,0.61328125,0.0031416015625,0.00016592871093749906,3.027,1.7559779899999994,-0.003
629,0.6142578125,0.003138671875,0.00016426171874999937,3.025,1.7540529100000017,-0.002
630,0.615234375,0.00313671875,0.0001631406249999988,3.024,1.7519602499999973,-0.005
631,0.6162109375,0.0031318359375,0.00016030371093750037,3.024,1.7500067099999985,-0.005
632,0.6171875,0.003126953125,0.00015741796875000033,3.023,1.7480371899999991,-0.001
633,0.6181640625,0.0031259765625,0.0001568349609374995,3.023,1.7460086700000017,-0.003
634,0.619140625,0.003123046875,0.00015507421874999885,3.022,1.7441982999999965,-0.002
635,0.6201171875,0.00312109375,0.0001538906249999982,3.022,1.7423443200000015,0.0
636,0.62109375,0.00312109375,0.0001538906249999982,3.019,1.740458579999997,-0.003
637,0.6220703125,0.0031181640625,0.0001521005859375004,3.019,1.7382754000000038,-0.001
638,0.623046875,0.0031171875,0.00015149999999999886,3.017,1.7364770800000142,0.0
639,0.6240234375,0.0031171875,0.00015149999999999886,3.017,1.7346081799999966,-0.001
640,0.625,0.0031162109375,0.0001508974609375005,3.016,1.7327749700000001,-0.001
641,0.6259765625,0.003115234375,0.00015029296875000014,3.016,1.730874499999999,-0.001
642,0.626953125,0.0031142578125,0.0001496865234374995,3.016,1.7291114200000002,-0.002
643,0.6279296875,0.0031123046875,0.0001484677734375009,3.015,1.7271304499999938,-0.001
644,0.62890625,0.003111328125,0.00014785546874999944,3.015,1.725168849999995,-0.002
645,0.6298828125,0.003109375,0.0001466249999999992,3.013,1.7231662400000018,0.0
646,0.630859375,0.003109375,0.0001466249999999992,3.013,1.7212378599999973,0.0
647,0.6318359375,0.003109375,0.0001466249999999992,3.012,1.7193579499999996,-0.002
648,0.6328125,0.003107421875,0.00014538671874999957,3.012,1.7173460099999993,-0.002
649,0.6337890625,0.00310546875,0.00014414062499999887,3.012,1.7153987200000005,-0.001
650,0.634765625,0.0031044921875,0.0001435146484375007,3.012,1.7133672400000004,-0.003
651,0.6357421875,0.0031015625,0.00014162499999999766,3.012,1.7114185500000099,0.0
652,0.63671875,0.0031015625,0.00014162499999999766,3.011,1.7095857900000015,0.0
653,0.6376953125,0.0031015625,0.00014162499999999766,3.011,1.7076573499999985,-0.001
654,0.638671875,0.0031005859375,0.00014099121093750014,3.011,1.7055882600000012,-0.001
655,0.6396484375,0.003099609375,0.00014035546875000061,3.011,1.7035292699999973,-0.002
656,0.640625,0.00309765625,0.000139078124999999,3.011,1.7015836999999956,-0.004
657,0.6416015625,0.00309375,0.00013649999999999947,3.01,1.6996182099999866,-0.002
658,0.642578125,0.003091796875,0.00013519921875000153,3.01,1.6977664000000026,0.0
659,0.6435546875,0.003091796875,0.00013519921875000153,3.01,1.6956429799999984,-0.004
660,0.64453125,0.003087890625,0.00013257421875000064,3.01,1.6936386200000004,-0.002
661,0.6455078125,0.0030859375,0.0001312499999999977,3.01,1.6914278899999995,-0.001
662,0.646484375,0.0030849609375,0.000130584960937501,3.009,1.689423439999998,-0.001
663,0.6474609375,0.003083984375,0.00012991796875000058,3.009,1.6874909099999935,-0.001
664,0.6484375,0.0030830078125,0.0001292490234374999,3.009,1.6857167899999976,-0.004
665,0.6494140625,0.0030791015625,0.00012655371093749958,3.008,1.683725009999998,0.0
666,0.650390625,0.0030791015625,0.00012655371093749958,3.008,1.6818578799999993,-0.001
667,0.6513671875,0.003078125,0.00012587499999999925,3.008,1.6798951999999945,-0.003
668,0.65234375,0.0030751953125,0.00012382714843749837,3.008,1.67783668,-0.001
669,0.6533203125,0.00307421875,0.00012314062499999869,3.007,1.6758840099999985,0.0
670,0.654296875,0.00307421875,0.00012314062499999869,3.007,1.6740933300000003,-0.001
671,0.6552734375,0.0030732421875,0.00012245214843750046,3.007,1.6719486100000014,-0.003
672,0.65625,0.0030703125,0.00012037499999999896,3.007,1.6699416700000018,-0.001
673,0.6572265625,0.0030693359375,0.00011967871093750138,3.007,1.6679159200000009,-0.002
674,0.658203125,0.0030673828125,0.0001182802734375002,3.007,1.6658584200000008,-0.002
675,0.6591796875,0.0030654296875,0.00011687402343750139,3.006,1.6639638199999995,-0.001
676,0.66015625,0.003064453125,0.00011616796875000071,3.006,1.66214642,-0.002
677,0.6611328125,0.0030625,0.00011474999999999853,3.006,1.6599906599999992,-0.005
678,0.662109375,0.0030576171875,0.00011117089843750046,3.006,1.6579156000000046,-0.002
679,0.6630859375,0.0030556640625,0.00010972558593749966,3.006,1.6560042800000003,-0.001
680,0.6640625,0.0030546875,0.00010899999999999972,3.006,1.6541845000000084,-0.001
681,0.6650390625,0.0030537109375,0.00010827246093750124,3.006,1.6523816000000031,0.0
682,0.666015625,0.0030537109375,0.00010827246093750124,3.006,1.650471159999998,-0.003
683,0.6669921875,0.00305078125,0.00010607812499999897,3.006,1.6484650900000009,-0.001
684,0.66796875,0.0030498046875,0.0001053427734374994,3.006,1.6466359700000006,-0.001
685,0.6689453125,0.003048828125,0.00010460546874999956,3.006,1.644731110000001,-0.002
686,0.669921875,0.003046875,0.00010312499999999905,3.006,1.6428082900000032,-0.004
687,0.6708984375,0.00304296875,0.00010014062499999823,3.006,1.6405181900000014,-0.003
688,0.671875,0.0030400390625,9.788183593750083e-05,3.006,1.6386274500000046,-0.001
689,0.6728515625,0.0030390625,9.712499999999999e-05,3.006,1.6367900199999983,-0.003
690,0.673828125,0.0030361328125,9.48427734374993e-05,3.006,1.6348094099999995,-0.003
691,0.6748046875,0.003033203125,9.254296875000137e-05,3.006,1.6328362499999995,0.0
692,0.67578125,0.003033203125,9.254296875000137e-05,3.006,1.6310021699999961,-0.001
693,0.6767578125,0.0030322265625,9.177246093750036e-05,3.006,1.6290758300000014,0.0
694,0.677734375,0.0030322265625,9.177246093750036e-05,3.006,1.6270359799999996,-0.002
695,0.6787109375,0.0030302734375,9.022558593749924e-05,3.005,1.6248631200000054,-0.001
696,0.6796875,0.003029296875,8.944921875000088e-05,3.005,1.6228816300000057,-0.001
697,0.6806640625,0.0030283203125,8.86708984375005e-05,3.004,1.62076493,0.0
698,0.681640625,0.0030283203125,8.86708984375005e-05,3.004,1.6186797900000072,-0.002
699,0.6826171875,0.0030263671875,8.710839843749894e-05,3.004,1.616913240000004,0.0
700,0.68359375,0.0030263671875,8.710839843749894e-05,3.003,1.6150155500000003,-0.002
701,0.6845703125,0.0030244140625,8.553808593749976e-05,3.003,1.6129758600000002,0.0
702,0.685546875,0.0030244140625,8.553808593749976e-05,3.003,1.6111913600000003,0.0
703,0.6865234375,0.0030244140625,8.553808593749976e-05,3.003,1.6091758299999972,0.0
704,0.6875,0.0030244140625,8.553808593749976e-05,3.003,1.6070399000000026,-0.001
705,0.6884765625,0.0030234375,8.474999999999976e-05,3.003,1.6051922400000043,-0.001
706,0.689453125,0.0030224609375,8.395996093749775e-05,3.003,1.6034414399999979,0.0
707,0.6904296875,0.0030224609375,8.395996093749775e-05,3.003,1.6016301900000034,0.0
708,0.69140625,0.0030224609375,8.395996093749775e-05,3.002,1.599692960000002,-0.002
709,0.6923828125,0.0030205078125,8.237402343749985e-05,3.002,1.5976606700000027,-0.002
710,0.693359375,0.0030185546875,8.078027343749912e-05,3.001,1.595418050000001,0.0
711,0.6943359375,0.0030185546875,8.078027343749912e-05,3.001,1.5937443300000034,0.0
712,0.6953125,0.0030185546875,8.078027343749912e-05,3.001,1.5915225599999987,-0.002
713,0.6962890625,0.0030166015625,7.917871093749904e-05,3.0,1.5893223399999994,0.0
714,0.697265625,0.0030166015625,7.917871093749904e-05,3.0,1.587606319999999,0.0
715,0.6982421875,0.0030166015625,7.917871093749904e-05,3.0,1.5856507399999997,-0.001
716,0.69921875,0.003015625,7.837499999999858e-05,3.0,1.5835940199999994,0.0
717,0.7001953125,0.003015625,7.837499999999858e-05,3.0,1.5816055800000015,0.0
718,0.701171875,0.003015625,7.837499999999858e-05,3.0,1.5797619999999992,-0.003
719,0.7021484375,0.0030126953125,7.59521484375008e-05,3.0,1.5777017199999976,0.0
720,0.703125,0.0030126953125,7.59521484375008e-05,3.0,1.5758466699999962,-0.001
721,0.7041015625,0.00301171875,7.514062499999925e-05,3.0,1.5740303599999852,0.0
722,0.705078125,0.00301171875,7.514062499999925e-05,3.0,1.5720898200000015,0.0
723,0.7060546875,0.00301171875,7.514062499999925e-05,3.0,1.5701906299999988,0.0
724,0.70703125,0.00301171875,7.514062499999925e-05,3.0,1.5682907900000018,0.0
725,0.7080078125,0.00301171875,7.514062499999925e-05,3.0,1.5664057899999864,-0.001
726,0.708984375,0.0030107421875,7.432714843749917e-05,2.999,1.5645878099999997,-0.003
727,0.7099609375,0.0030078125,7.187500000000076e-05,2.999,1.5626925900000008,-0.002
728,0.7109375,0.003005859375,7.023046874999987e-05,2.999,1.5607050000000007,-0.002
729,0.7119140625,0.00300390625,6.857812499999963e-05,2.999,1.558915660000001,-0.001
730,0.712890625,0.0030029296875,6.77490234374991e-05,2.999,1.556737610000003,-0.001
731,0.7138671875,0.003001953125,6.691796875000176e-05,2.999,1.554785500000005,-0.003
732,0.71484375,0.0029990234375,6.441308593749945e-05,2.999,1.5528024000000007,0.0
733,0.7158203125,0.0029990234375,6.441308593749945e-05,2.999,1.5509302499999986,0.0
734,0.716796875,0.0029990234375,6.441308593749945e-05,2.999,1.5486263800000033,0.0
735,0.7177734375,0.0029990234375,6.441308593749945e-05,2.999,1.546781629999999,0.0
736,0.71875,0.0029990234375,6.441308593749945e-05,2.999,1.54471432,-0.001
737,0.7197265625,0.002998046875,6.357421875000102e-05,2.999,1.5427211799999991,0.0
738,0.720703125,0.002998046875,6.357421875000102e-05,2.999,1.5406036099999973,-0.003
739,0.7216796875,0.0029951171875,6.10458984374989e-05,2.999,1.5389324999999987,0.0
740,0.72265625,0.0029951171875,6.10458984374989e-05,2.998,1.537035879999993,-0.001
741,0.7236328125,0.002994140625,6.0199218750001116e-05,2.998,1.535129809999996,0.0
742,0.724609375,0.002994140625,6.0199218750001116e-05,2.998,1.533169370000001,0.0
743,0.7255859375,0.002994140625,6.0199218750001116e-05,2.997,1.5311012299999982,0.0
744,0.7265625,0.002994140625,6.0199218750001116e-05,2.997,1.5290046799999992,0.0
745,0.7275390625,0.002994140625,6.0199218750001116e-05,2.997,1.526999500000002,0.0
746,0.728515625,0.002994140625,6.0199218750001116e-05,2.997,1.5250680500000005,0.0
747,0.7294921875,0.002994140625,6.0199218750001116e-05,2.997,1.5232906800000021,0.0
748,0.73046875,0.002994140625,6.0199218750001116e-05,2.997,1.521455749999997,-0.001
749,0.7314453125,0.0029931640625,5.935058593749959e-05,2.997,1.5192973899999997,0.0
750,0.732421875,0.0029931640625,5.935058593749959e-05,2.996,1.5173764499999975,-0.001
751,0.7333984375,0.0029921875,5.8499999999999525e-05,2.995,1.5150597599999989,-0.001
752,0.734375,0.0029912109375,5.764746093749919e-05,2.995,1.5130105199999986,-0.001
753,0.7353515625,0.002990234375,5.679296875000031e-05,2.995,1.51101022,0.0
754,0.736328125,0.002990234375,5.679296875000031e-05,2.995,1.509156010000004,0.0
755,0.7373046875,0.002990234375,5.679296875000031e-05,2.993,1.5070166599999977,0.0
756,0.73828125,0.002990234375,5.679296875000031e-05,2.991,1.5047251699999964,0.0
757,0.7392578125,0.002990234375,5.679296875000031e-05,2.99,1.5025762799999987,-0.001
758,0.740234375,0.0029892578125,5.593652343749943e-05,2.99,1.500674440000002,-0.003
759,0.7412109375,0.002986328125,5.335546875000208e-05,2.989,1.4987622999999988,-0.001
760,0.7421875,0.0029853515625,5.24912109375001e-05,2.988,1.4968627600000026,-0.001
761,0.7431640625,0.002984375,5.162499999999959e-05,2.988,1.494878779999999,-0.001
762,0.744140625,0.0029833984375,5.07568359374988e-05,2.985,1.493049059999996,-0.001
763,0.7451171875,0.002982421875,4.988671875000121e-05,2.983,1.4909502599999989,-0.001
764,0.74609375,0.0029814453125,5.096777343750053e-05,2.982,1.4886868600000027,0.0
765,0.7470703125,0.0029814453125,5.096777343750053e-05,2.979,1.4866426000000008,-0.001
766,0.748046875,0.00298046875,5.0093749999998924e-05,2.979,1.484305690000001,0.0
767,0.7490234375,0.00298046875,5.0093749999998924e-05,2.979,1.4821958500000005,-0.001
768,0.75,0.0029794921875,4.921777343749878e-05,2.979,1.480296429999998,-0.001
769,0.7509765625,0.002978515625,4.833984375000183e-05,2.979,1.4784468199999983,-0.001
770,0.751953125,0.0029775390625,4.745996093750114e-05,2.977,1.4764699899999962,-0.001
771,0.7529296875,0.0029765625,4.8531249999999096e-05,2.977,1.4745341200000004,-0.001
772,0.75390625,0.0029755859375,4.960058593750025e-05,2.975,1.4728797300000005,-0.003
773,0.7548828125,0.00297265625,4.6937500000000104e-05,2.973,1.4707648599999998,-0.001
774,0.755859375,0.0029716796875,4.604589843749951e-05,2.972,1.4687499200000018,-0.003
775,0.7568359375,0.00296875,4.5312500000000214e-05,2.972,1.4669245099999977,0.0
776,0.7578125,0.00296875,4.5312500000000214e-05,2.972,1.4650775799999975,-0.004
777,0.7587890625,0.00296484375,4.3656249999999425e-05,2.97,1.4629588400000089,0.0
778,0.759765625,0.00296484375,4.3656249999999425e-05,2.97,1.460970779999998,-0.002
779,0.7607421875,0.002962890625,4.379296875000119e-05,2.968,1.458854849999999,0.0
780,0.76171875,0.002962890625,4.379296875000119e-05,2.964,1.4569414899999975,-0.003
781,0.7626953125,0.0029599609375,4.3006835937499724e-05,2.962,1.454788759999999,-0.001
782,0.763671875,0.002958984375,4.2089843750000785e-05,2.959,1.452739849999998,-0.003
783,0.7646484375,0.0029560546875,4.5186523437499085e-05,2.957,1.4505856800000028,0.0
784,0.765625,0.0029560546875,4.5186523437499085e-05,2.953,1.4483777399999986,0.0
785,0.7666015625,0.0029560546875,4.5186523437499085e-05,2.951,1.4464385500000019,-0.001
786,0.767578125,0.002955078125,4.621484375000144e-05,2.95,1.4443192199999997,0.0
787,0.7685546875,0.002955078125,4.621484375000144e-05,2.949,1.442277770000002,0.0
788,0.76953125,0.002955078125,4.621484375000144e-05,2.947,1.440158450000001,-0.002
789,0.7705078125,0.002953125,4.826562500000013e-05,2.942,1.4381814700000002,-0.001
790,0.771484375,0.0029521484375,4.733496093749928e-05,2.939,1.4359806000000002,-0.001
791,0.7724609375,0.002951171875,4.835546875000228e-05,2.933,1.4340229800000022,-0.003
792,0.7734375,0.0029482421875,4.945214843749858e-05,2.928,1.4316763900000067,-0.002
793,0.7744140625,0.0029462890625,4.756933593750082e-05,2.925,1.4296885599999989,-0.003
794,0.775390625,0.002943359375,4.668359375000104e-05,2.919,1.4276999300000026,0.0
795,0.7763671875,0.002943359375,4.668359375000104e-05,2.918,1.4254153199999982,-0.001
796,0.77734375,0.0029423828125,4.7686523437501585e-05,2.918,1.4233210099999942,-0.002
797,0.7783203125,0.0029404296875,4.7733398437499464e-05,2.915,1.4207964300000024,-0.001
798,0.779296875,0.002939453125,4.873046875000092e-05,2.911,1.4185467200000021,-0.002
799,0.7802734375,0.0029375,5.071874999999955e-05,2.91,1.4163295500000068,-0.001
800,0.78125,0.0029365234375,5.170996093750019e-05,2.908,1.4143024400000008,-0.002
801,0.7822265625,0.0029345703125,4.978027343749934e-05,2.907,1.4123998199999985,-0.002
802,0.783203125,0.0029326171875,4.979589843749979e-05,2.903,1.4104798699999994,-0.001
803,0.7841796875,0.002931640625,4.882421875000015e-05,2.896,1.4082881500000022,-0.002
804,0.78515625,0.0029296875,4.8828125000000694e-05,2.892,1.406395490000001,-0.001
805,0.7861328125,0.0029287109375,4.980371093749915e-05,2.887,1.4043403600000044,0.0
806,0.787109375,0.0029287109375,4.980371093749915e-05,2.881,1.4024996800000011,-0.002
807,0.7880859375,0.0029267578125,5.1749023437500444e-05,2.877,1.4005826400000028,-0.001
808,0.7890625,0.00292578125,5.2718749999999814e-05,2.874,1.3985288200000028,-0.003
809,0.7900390625,0.0029228515625,5.561621093750149e-05,2.866,1.3965906499999978,-0.002
810,0.791015625,0.0029208984375,5.753808593749951e-05,2.86,1.3946949500000076,-0.002
811,0.7919921875,0.0029189453125,5.945214843749991e-05,2.855,1.3927334000000016,-0.003
812,0.79296875,0.002916015625,5.840234374999975e-05,2.849,1.3906927299999992,-0.003
813,0.7939453125,0.0029130859375,5.928808593749953e-05,2.843,1.3888445000000007,-0.002
814,0.794921875,0.0029111328125,5.921777343750011e-05,2.835,1.386584410000002,-0.002
815,0.7958984375,0.0029091796875,6.109277343749851e-05,2.831,1.3844482200000003,-0.002
816,0.796875,0.0029072265625,6.295996093750103e-05,2.826,1.3824570000000036,-0.006
817,0.7978515625,0.0029013671875,6.85146484375003e-05,2.82,1.3802533399999997,-0.005
818,0.798828125,0.002896484375,7.113671874999818e-05,2.814,1.3779408199999974,-0.003
819,0.7998046875,0.0028935546875,7.385839843749957e-05,2.807,1.3760047100000017,-0.002
820,0.80078125,0.0028916015625,7.566308593750203e-05,2.802,1.3739326400000011,-0.005
821,0.8017578125,0.00288671875,7.818750000000013e-05,2.792,1.3718528199999982,-0.001
822,0.802734375,0.0028857421875,7.907714843750045e-05,2.781,1.3696600500000033,0.0
823,0.8037109375,0.0028857421875,7.907714843750045e-05,2.773,1.367880439999999,-0.003
824,0.8046875,0.0028828125,7.978124999999912e-05,2.768,1.36561113,-0.004
825,0.8056640625,0.00287890625,8.32968749999996e-05,2.759,1.3639396799999983,-0.005
826,0.806640625,0.0028740234375,8.569433593750078e-05,2.754,1.3621259100000032,-0.002
827,0.8076171875,0.0028720703125,8.742089843750099e-05,2.744,1.360288310000001,-0.001
828,0.80859375,0.00287109375,8.828125000000069e-05,2.735,1.3583409299999964,-0.002
829,0.8095703125,0.002869140625,8.999609374999926e-05,2.726,1.3560478399999996,-0.003
830,0.810546875,0.0028662109375,9.060058593749962e-05,2.721,1.3541473699999993,-0.004
831,0.8115234375,0.0028623046875,9.398339843749888e-05,2.718,1.35208942,-0.001
832,0.8125,0.002861328125,9.287109374999866e-05,2.711,1.3501621799999997,-0.002
833,0.8134765625,0.002859375,9.454687500000045e-05,2.702,1.3478102199999993,-0.007
834,0.814453125,0.0028525390625,9.839746093750004e-05,2.693,1.3457778800000015,-0.005
835,0.8154296875,0.00284765625,0.0001005312500000008,2.681,1.3436606100000048,-0.001
836,0.81640625,0.0028466796875,0.0001013427734375006,2.665,1.341420399999989,-0.005
837,0.8173828125,0.002841796875,0.00010537109374999902,2.662,1.3393340000000007,-0.004
838,0.818359375,0.002837890625,0.00010855859374999874,2.654,1.337181030000002,-0.003
839,0.8193359375,0.0028349609375,0.00011092871093749956,2.646,1.3348982100000113,-0.002
840,0.8203125,0.0028330078125,0.00011249902343750222,2.63,1.3328665900000018,-0.006
841,0.8212890625,0.0028271484375,0.00011716308593750016,2.623,1.331029440000001,-0.003
842,0.822265625,0.00282421875,0.00011946875000000065,2.615,1.3290092600000019,-0.006
843,0.8232421875,0.002818359375,0.00012402734374999946,2.603,1.3268580900000009,-0.003
844,0.82421875,0.0028154296875,0.00012628027343750126,2.593,1.3245761900000006,-0.005
845,0.8251953125,0.002810546875,0.0001280429687499987,2.579,1.3223920900000017,-0.01
846,0.826171875,0.00280078125,0.0001353281250000022,2.57,1.32028732,-0.005
847,0.8271484375,0.0027958984375,0.00013889746093750065,2.557,1.3182348199999998,-0.003
848,0.828125,0.00279296875,0.00014101562500000095,2.549,1.3164747399999996,-0.008
849,0.8291015625,0.00278515625,0.000142671875,2.538,1.3141847399999989,-0.003
850,0.830078125,0.0027822265625,0.00014472558593749997,2.521,1.3121227300000027,-0.005
851,0.8310546875,0.00277734375,0.00014810937500000024,2.512,1.3104221099999966,-0.008
852,0.83203125,0.00276953125,0.00015342187500000035,2.505,1.3088374699999987,-0.002
853,0.8330078125,0.002767578125,0.00015473046874999938,2.493,1.3068633500000029,-0.009
854,0.833984375,0.0027587890625,0.00016052246093749886,2.484,1.3047244000000051,-0.003
855,0.8349609375,0.002755859375,0.00016241796875000013,2.473,1.3025924100000013,-0.005
856,0.8359375,0.0027509765625,0.0001655380859374991,2.459,1.3005527300000035,-0.009
857,0.8369140625,0.0027421875,0.00017103125000000104,2.448,1.298712439999999,-0.006
858,0.837890625,0.002736328125,0.0001746054687499993,2.443,1.2970157200000003,-0.008
859,0.8388671875,0.002728515625,0.00017926171874999963,2.429,1.29506965,-0.005
860,0.83984375,0.0027236328125,0.0001821083984374994,2.421,1.2932184100000035,-0.008
861,0.8408203125,0.0027158203125,0.0001865615234374991,2.412,1.2914154700000005,-0.006
862,0.841796875,0.0027099609375,0.00018981933593749997,2.4,1.2892406899999966,-0.003
863,0.8427734375,0.00270703125,0.00019142187500000105,2.396,1.2873845399999941,-0.008
864,0.84375,0.00269921875,0.0001956093750000009,2.389,1.2855099100000014,-0.007
865,0.8447265625,0.0026923828125,0.00019917089843749913,2.373,1.2834071600000003,-0.008
866,0.845703125,0.0026845703125,0.00020312402343749918,2.359,1.2811355800000002,-0.011
867,0.8466796875,0.002673828125,0.0002083554687500001,2.349,1.2796200199999985,-0.007
868,0.84765625,0.0026669921875,0.00021156152343750068,2.341,1.277857000000001,-0.009
869,0.8486328125,0.002658203125,0.00021358984375000056,2.328,1.2757124600000014,-0.006
870,0.849609375,0.00265234375,0.00021615624999999847,2.317,1.2734676799999973,-0.004
871,0.8505859375,0.0026484375,0.0002178281249999997,2.304,1.271444739999998,-0.008
872,0.8515625,0.002640625,0.00021912499999999883,2.298,1.2694044900000037,-0.006
873,0.8525390625,0.002634765625,0.00022148046875000021,2.29,1.267300229999998,-0.013
874,0.853515625,0.0026220703125,0.00022634277343749985,2.281,1.2655611899999994,-0.009
875,0.8544921875,0.00261328125,0.00022756249999999947,2.274,1.2638204200000005,-0.01
876,0.85546875,0.002603515625,0.00022894921874999988,2.262,1.2616006700000013,-0.008
877,0.8564453125,0.002595703125,0.0002314804687499998,2.254,1.2598266200000021,-0.004
878,0.857421875,0.002591796875,0.00023269921875000016,2.244,1.2580604000000002,-0.012
879,0.8583984375,0.002580078125,0.00023616796875000103,2.239,1.256140099999997,-0.006
880,0.859375,0.00257421875,0.00023779687499999973,2.236,1.254218779999997,-0.006
881,0.8603515625,0.002568359375,0.00023935546875000074,2.227,1.252527,-0.008
882,0.861328125,0.002560546875,0.0002413242187500001,2.22,1.2505229900000003,-0.003
883,0.8623046875,0.0025576171875,0.00024203027343749905,2.214,1.2490046200000031,-0.007
884,0.86328125,0.00255078125,0.00024360937499999947,2.208,1.2470772900000044,-0.011
885,0.8642578125,0.0025400390625,0.00024394433593749945,2.2,1.2450144500000004,-0.01
886,0.865234375,0.0025302734375,0.0002458193359374987,2.19,1.242772849999997,-0.01
887,0.8662109375,0.0025205078125,0.0002455458984375004,2.181,1.2406612799999979,-0.008
888,0.8671875,0.0025126953125,0.0002467490234375003,2.175,1.23835644,-0.011
889,0.8681640625,0.002501953125,0.00024819921875000005,2.168,1.2366173400000005,-0.007
890,0.869140625,0.0024951171875,0.0002470458984374993,2.163,1.2348140399999963,-0.008
891,0.8701171875,0.0024873046875,0.0002478427734374988,2.16,1.2327072300000006,-0.009
892,0.87109375,0.002478515625,0.00024858984375000087,2.156,1.2307172399999993,-0.006
893,0.8720703125,0.00247265625,0.00024704687499999944,2.151,1.2289984499999995,-0.006
894,0.873046875,0.002466796875,0.00024738671875000097,2.144,1.2267037600000015,-0.008
895,0.8740234375,0.002458984375,0.00024577734375000066,2.138,1.224747810000002,-0.011
896,0.875,0.0024482421875,0.00024604589843749917,2.134,1.2230453300000057,-0.014
897,0.8759765625,0.0024345703125,0.00024604589843750004,2.13,1.2213439000000037,-0.007
898,0.876953125,0.002427734375,0.00024590234374999905,2.124,1.2194789900000003,-0.012
899,0.8779296875,0.002416015625,0.0002454335937499986,2.119,1.2175588899999992,-0.009
900,0.87890625,0.0024072265625,0.00024489746093750084,2.118,1.2155494799999988,-0.005
901,0.8798828125,0.00240234375,0.00024453124999999996,2.11,1.2133459400000004,-0.01
902,0.880859375,0.002392578125,0.00024365234374999854,2.108,1.2113171,-0.005
903,0.8818359375,0.0023876953125,0.00024313964843750147,2.105,1.2093973599999974,-0.008
904,0.8828125,0.0023798828125,0.00024221777343750098,2.096,1.207167110000003,-0.012
905,0.8837890625,0.0023681640625,0.00024060058593750044,2.092,1.2052011000000038,-0.006
906,0.884765625,0.0023623046875,0.00023968652343750018,2.088,1.2034186100000006,-0.01
907,0.8857421875,0.0023525390625,0.00023800683593750045,2.083,1.2018425800000003,-0.009
908,0.88671875,0.00234375,0.000236328125,2.08,1.1999057299999978,-0.012
909,0.8876953125,0.00233203125,0.00023384375000000054,2.076,1.197754190000002,-0.006
910,0.888671875,0.002326171875,0.00023249609374999952,2.072,1.1956635000000015,-0.006
911,0.8896484375,0.0023203125,0.00023107812499999995,2.069,1.1939682300000052,-0.005
912,0.890625,0.0023154296875,0.00022984277343749988,2.066,1.1918973799999986,-0.005
913,0.8916015625,0.002310546875,0.00022855859374999905,2.06,1.1897893499999983,-0.008
914,0.892578125,0.002302734375,0.0002264023437499995,2.056,1.1876716700000016,-0.011
915,0.8935546875,0.0022919921875,0.00022323339843750064,2.052,1.1857744199999998,-0.006
916,0.89453125,0.0022861328125,0.00022140527343749924,2.05,1.1838693599999952,-0.007
917,0.8955078125,0.002279296875,0.00021918359374999922,2.047,1.1817334899999987,-0.004
918,0.896484375,0.002275390625,0.00021787109374999964,2.047,1.1803534600000039,-0.005
919,0.8974609375,0.0022705078125,0.00021618652343749923,2.047,1.1786900100000037,-0.003
920,0.8984375,0.002267578125,0.00021515234374999952,2.044,1.1765085200000072,-0.009
921,0.8994140625,0.0022587890625,0.00021194433593749954,2.04,1.1744124400000011,-0.009
922,0.900390625,0.00225,0.0002066250000000002,2.039,1.172054060000001,-0.005
923,0.9013671875,0.0022451171875,0.00020468652343750074,2.037,1.1703020299999967,-0.014
924,0.90234375,0.0022314453125,0.0001989990234374994,2.034,1.1688043699999973,-0.005
925,0.9033203125,0.0022265625,0.00019687500000000087,2.03,1.1665274199999982,-0.004
926,0.904296875,0.00222265625,0.00019514062500000044,2.026,1.1643305099999999,-0.009
927,0.9052734375,0.0022138671875,0.00019112402343750019,2.024,1.162163810000001,-0.01
928,0.90625,0.0022041015625,0.00018647558593749922,2.024,1.1604191500000005,-0.004
929,0.9072265625,0.0022001953125,0.00018456152343749883,2.023,1.1582388699999937,-0.002
930,0.908203125,0.0021982421875,0.00018359277343750046,2.021,1.156470009999998,-0.005
931,0.9091796875,0.002193359375,0.00018113671875000063,2.018,1.1544380299999988,-0.01
932,0.91015625,0.00218359375,0.00017607812499999872,2.018,1.1521740600000046,-0.007
933,0.9111328125,0.0021767578125,0.00017242089843749926,2.017,1.14980122,-0.004
934,0.912109375,0.0021728515625,0.00017028808593749951,2.017,1.1479006900000008,-0.007
935,0.9130859375,0.002166015625,0.00016648046874999985,2.012,1.145835140000002,-0.007
936,0.9140625,0.0021591796875,0.0001625771484375007,2.011,1.143303679999999,-0.006
937,0.9150390625,0.0021533203125,0.0001591552734375003,2.009,1.1410925399999994,-0.007
938,0.916015625,0.002146484375,0.0001550742187500006,2.009,1.1387541900000013,-0.004
939,0.9169921875,0.002142578125,0.00015269921874999995,2.007,1.1367499700000046,-0.008
940,0.91796875,0.002134765625,0.0001478554687500003,2.005,1.1344974400000007,-0.003
941,0.9189453125,0.0021318359375,0.00014600683593750038,2.004,1.132197959999995,-0.009
942,0.919921875,0.002123046875,0.00014035546875000061,2.001,1.1304599800000008,-0.01
943,0.9208984375,0.00211328125,0.0001338906249999999,2.0,1.1282875999999995,-0.001
944,0.921875,0.0021123046875,0.00013323339843750084,2.0,1.1260294099999992,-0.013
945,0.9228515625,0.002099609375,0.00012451171875000038,1.998,1.1240792699999935,-0.006
946,0.923828125,0.00209375,0.00012037499999999896,1.995,1.1221143199999999,-0.008
947,0.9248046875,0.0020859375,0.0001147499999999994,1.993,1.1202619599999994,-0.003
948,0.92578125,0.0020830078125,0.00011260839843750016,1.991,1.1184978100000003,-0.005
949,0.9267578125,0.002078125,0.00010899999999999885,1.989,1.1162467100000053,-0.001
950,0.927734375,0.0020771484375,0.00010827246093750038,1.983,1.114301380000002,-0.008
951,0.9287109375,0.0020693359375,0.00010238183593749926,1.983,1.1121788599999984,-0.004
952,0.9296875,0.0020654296875,0.00010134277343749887,1.98,1.1096010499999938,-0.003
953,0.9306640625,0.0020625,9.907812499999977e-05,1.975,1.10715422,-0.007
954,0.931640625,0.0020556640625,9.763183593749971e-05,1.973,1.104481490000005,-0.006
955,0.9326171875,0.0020498046875,9.687402343749874e-05,1.969,1.1013964000000085,-0.008
956,0.93359375,0.0020419921875,9.24990234374987e-05,1.966,1.0998303000000025,-0.006
957,0.9345703125,0.0020361328125,8.962402343750016e-05,1.958,1.0973489399999974,-0.006
958,0.935546875,0.0020302734375,8.863183593749938e-05,1.952,1.0956071200000002,-0.01
959,0.9365234375,0.0020205078125,8.812402343750039e-05,1.945,1.0938053699999992,-0.005
960,0.9375,0.002015625,8.584374999999998e-05,1.932,1.0914669599999935,-0.003
961,0.9384765625,0.0020126953125,8.328027343750075e-05,1.918,1.0886639199999946,-0.005
962,0.939453125,0.0020078125,8.287500000000048e-05,1.912,1.0868332800000016,-0.006
963,0.9404296875,0.002001953125,8.544921875000035e-05,1.902,1.0846023900000017,-0.004
964,0.94140625,0.001998046875,8.582421875000072e-05,1.894,1.0820558700000038,-0.002
965,0.9423828125,0.00199609375,8.600000000000014e-05,1.887,1.0800204800000053,-0.004
966,0.943359375,0.0019921875,8.632812500000003e-05,1.875,1.0778361699999957,-0.005
967,0.9443359375,0.0019873046875,8.962402343749929e-05,1.855,1.0748126799999929,-0.008
968,0.9453125,0.0019794921875,9.401464843749978e-05,1.831,1.072340260000007,-0.005
969,0.9462890625,0.001974609375,9.132421875000102e-05,1.813,1.069619759999993,-0.005
970,0.947265625,0.0019697265625,9.24912109375002e-05,1.797,1.0671788099999906,-0.008
971,0.9482421875,0.0019619140625,9.464746093750063e-05,1.776,1.064999570000007,-0.008
972,0.94921875,0.0019541015625,9.863183593750071e-05,1.752,1.0622873799999988,-0.012
973,0.9501953125,0.0019423828125,0.00010046777343749973,1.736,1.0602821700000065,-0.008
974,0.951171875,0.0019345703125,0.00010609277343750015,1.714,1.0585756399999977,-0.014
975,0.9521484375,0.0019208984375,0.00011514746093749988,1.69,1.0568805399999976,-0.008
976,0.953125,0.0019130859375,0.00012042871093749952,1.668,1.0551581100000036,-0.016
977,0.9541015625,0.0018974609375,0.00012866308593749995,1.647,1.0528642999999995,-0.017
978,0.955078125,0.001880859375,0.0001391835937500003,1.629,1.0506982299999954,-0.014
979,0.9560546875,0.0018671875,0.00014087499999999994,1.598,1.0484273100000072,-0.017
980,0.95703125,0.0018505859375,0.00015036621093749997,1.575,1.0459590400000058,-0.012
981,0.9580078125,0.0018388671875,0.00015753027343749998,1.549,1.0438068999999996,-0.015
982,0.958984375,0.00182421875,0.0001646249999999994,1.52,1.0415486899999968,-0.021
983,0.9599609375,0.0018037109375,0.00017538183593750027,1.484,1.0394281400000063,-0.02
984,0.9609375,0.0017841796875,0.0001807333984375002,1.453,1.0372010500000048,-0.021
985,0.9619140625,0.001763671875,0.00018785546874999998,1.418,1.0346809099999972,-0.016
986,0.962890625,0.001748046875,0.00019716796875000019,1.397,1.0330328000000046,-0.019
987,0.9638671875,0.0017294921875,0.0002075771484375006,1.368,1.0308854399999992,-0.015
988,0.96484375,0.00171484375,0.00021529687499999978,1.343,1.028735619999999,-0.024
989,0.9658203125,0.00169140625,0.00022673437500000037,1.314,1.0264533600000008,-0.022
990,0.966796875,0.001669921875,0.00023623046875000022,1.287,1.0242782499999998,-0.028
991,0.9677734375,0.001642578125,0.0002449960937500003,1.266,1.0223490500000003,-0.021
992,0.96875,0.0016220703125,0.00025007714843750016,1.245,1.020559100000003,-0.024
993,0.9697265625,0.0015986328125,0.0002531552734375002,1.222,1.0190598600000014,-0.029
994,0.970703125,0.0015703125,0.0002581406249999997,1.204,1.0178098599999987,-0.024
995,0.9716796875,0.001546875,0.00026264062499999985,1.179,1.0158028700000006,-0.034
996,0.97265625,0.001513671875,0.00026513671874999964,1.159,1.0147166199999977,-0.033
997,0.9736328125,0.0014814453125,0.00026534277343750025,1.136,1.0129833300000017,-0.023
998,0.974609375,0.001458984375,0.0002616835937500001,1.122,1.0120178200000012,-0.026
999,0.9755859375,0.00143359375,0.0002587656249999999,1.101,1.0101030299999987,-0.04
1000,0.9765625,0.00139453125,0.00025470312500000016,1.087,1.0088312600000005,-0.028
1001,0.9775390625,0.0013671875,0.0002480468750000002,1.074,1.0078191999999992,-0.02
1002,0.978515625,0.00134765625,0.00023984375000000026,1.063,1.006805260000001,-0.033
1003,0.9794921875,0.0013154296875,0.0002310458984375002,1.058,1.0066372800000005,-0.03
1004,0.98046875,0.0012861328125,0.00021924902343750012,1.05,1.0057777200000009,-0.018
1005,0.9814453125,0.0012685546875,0.0002124990234375001,1.034,1.0041177400000008,-0.025
1006,0.982421875,0.001244140625,0.0002020742187500001,1.027,1.0035,-0.025
1007,0.9833984375,0.0012197265625,0.0001904287109374997,1.022,1.0030666,-0.019
1008,0.984375,0.001201171875,0.00017880859375000004,1.017,1.0025714700000001,-0.027
1009,0.9853515625,0.0011748046875,0.0001638583984374998,1.012,1.0020000400000002,-0.025
1010,0.986328125,0.001150390625,0.00014874609375000012,1.01,1.0016667,-0.027
1011,0.9873046875,0.0011240234375,0.00012910058593749996,1.008,1.0014545600000002,-0.026
1012,0.98828125,0.0010986328125,0.0001107177734375,1.005,1.001,-0.015
1013,0.9892578125,0.001083984375,9.755859374999988e-05,1.002,1.0004444399999999,-0.021
1014,0.990234375,0.0010634765625,8.11318359374999e-05,1.002,1.0005,-0.015
1015,0.9912109375,0.001048828125,6.887109374999981e-05,1.002,1.00057142,-0.017
1016,0.9921875,0.0010322265625,5.24912109375001e-05,1.001,1.00033333,-0.013
1017,0.9931640625,0.00101953125,4.107812499999988e-05,1.0,1.0,-0.012
1018,0.994140625,0.0010078125,3.0250000000000112e-05,1.0,1.0,-0.01
1019,0.9951171875,0.000998046875,2.101171875000009e-05,1.0,1.0,-0.012
1020,0.99609375,0.000986328125,9.66796875000002e-06,1.0,1.0,-0.007
1021,0.9970703125,0.0009794921875,2.9208984375001835e-06,1.0,1.0,-0.003
1022,0.998046875,0.0009765625,0.0,1.0,1.0,0.0
1023,0.9990234375,0.0009765625,0.0,0.0,1.0,0.0
